Date,Year,MonthNumberOfYear,WeekNumberOfYear,DayNumberOfMonth,WeekdayLongName,QuarterNumberOfYear,MonthLongName
7/1/2016 0:00,2016,7,27,1,Friday,3,July
7/2/2016 0:00,2016,7,27,2,Saturday,3,July
7/3/2016 0:00,2016,7,28,3,Sunday,3,July
7/4/2016 0:00,2016,7,28,4,Monday,3,July
7/5/2016 0:00,2016,7,28,5,Tuesday,3,July
7/6/2016 0:00,2016,7,28,6,Wednesday,3,July
7/7/2016 0:00,2016,7,28,7,Thursday,3,July
7/8/2016 0:00,2016,7,28,8,Friday,3,July
7/9/2016 0:00,2016,7,28,9,Saturday,3,July
7/10/2016 0:00,2016,7,29,10,Sunday,3,July
7/11/2016 0:00,2016,7,29,11,Monday,3,July
7/12/2016 0:00,2016,7,29,12,Tuesday,3,July
7/13/2016 0:00,2016,7,29,13,Wednesday,3,July
7/14/2016 0:00,2016,7,29,14,Thursday,3,July
7/15/2016 0:00,2016,7,29,15,Friday,3,July
7/16/2016 0:00,2016,7,29,16,Saturday,3,July
7/17/2016 0:00,2016,7,30,17,Sunday,3,July
7/18/2016 0:00,2016,7,30,18,Monday,3,July
7/19/2016 0:00,2016,7,30,19,Tuesday,3,July
7/20/2016 0:00,2016,7,30,20,Wednesday,3,July
7/21/2016 0:00,2016,7,30,21,Thursday,3,July
7/22/2016 0:00,2016,7,30,22,Friday,3,July
7/23/2016 0:00,2016,7,30,23,Saturday,3,July
7/24/2016 0:00,2016,7,31,24,Sunday,3,July
7/25/2016 0:00,2016,7,31,25,Monday,3,July
7/26/2016 0:00,2016,7,31,26,Tuesday,3,July
7/27/2016 0:00,2016,7,31,27,Wednesday,3,July
7/28/2016 0:00,2016,7,31,28,Thursday,3,July
7/29/2016 0:00,2016,7,31,29,Friday,3,July
7/30/2016 0:00,2016,7,31,30,Saturday,3,July
7/31/2016 0:00,2016,7,32,31,Sunday,3,July
8/1/2016 0:00,2016,8,32,1,Monday,3,August
8/2/2016 0:00,2016,8,32,2,Tuesday,3,August
8/3/2016 0:00,2016,8,32,3,Wednesday,3,August
8/4/2016 0:00,2016,8,32,4,Thursday,3,August
8/5/2016 0:00,2016,8,32,5,Friday,3,August
8/6/2016 0:00,2016,8,32,6,Saturday,3,August
8/7/2016 0:00,2016,8,33,7,Sunday,3,August
8/8/2016 0:00,2016,8,33,8,Monday,3,August
8/9/2016 0:00,2016,8,33,9,Tuesday,3,August
8/10/2016 0:00,2016,8,33,10,Wednesday,3,August
8/11/2016 0:00,2016,8,33,11,Thursday,3,August
8/12/2016 0:00,2016,8,33,12,Friday,3,August
8/13/2016 0:00,2016,8,33,13,Saturday,3,August
8/14/2016 0:00,2016,8,34,14,Sunday,3,August
8/15/2016 0:00,2016,8,34,15,Monday,3,August
8/16/2016 0:00,2016,8,34,16,Tuesday,3,August
8/17/2016 0:00,2016,8,34,17,Wednesday,3,August
8/18/2016 0:00,2016,8,34,18,Thursday,3,August
8/19/2016 0:00,2016,8,34,19,Friday,3,August
8/20/2016 0:00,2016,8,34,20,Saturday,3,August
8/21/2016 0:00,2016,8,35,21,Sunday,3,August
8/22/2016 0:00,2016,8,35,22,Monday,3,August
8/23/2016 0:00,2016,8,35,23,Tuesday,3,August
8/24/2016 0:00,2016,8,35,24,Wednesday,3,August
8/25/2016 0:00,2016,8,35,25,Thursday,3,August
8/26/2016 0:00,2016,8,35,26,Friday,3,August
8/27/2016 0:00,2016,8,35,27,Saturday,3,August
8/28/2016 0:00,2016,8,36,28,Sunday,3,August
8/29/2016 0:00,2016,8,36,29,Monday,3,August
8/30/2016 0:00,2016,8,36,30,Tuesday,3,August
8/31/2016 0:00,2016,8,36,31,Wednesday,3,August
9/1/2016 0:00,2016,9,36,1,Thursday,3,September
9/2/2016 0:00,2016,9,36,2,Friday,3,September
9/3/2016 0:00,2016,9,36,3,Saturday,3,September
9/4/2016 0:00,2016,9,37,4,Sunday,3,September
9/5/2016 0:00,2016,9,37,5,Monday,3,September
9/6/2016 0:00,2016,9,37,6,Tuesday,3,September
9/7/2016 0:00,2016,9,37,7,Wednesday,3,September
9/8/2016 0:00,2016,9,37,8,Thursday,3,September
9/9/2016 0:00,2016,9,37,9,Friday,3,September
9/10/2016 0:00,2016,9,37,10,Saturday,3,September
9/11/2016 0:00,2016,9,38,11,Sunday,3,September
9/12/2016 0:00,2016,9,38,12,Monday,3,September
9/13/2016 0:00,2016,9,38,13,Tuesday,3,September
9/14/2016 0:00,2016,9,38,14,Wednesday,3,September
9/15/2016 0:00,2016,9,38,15,Thursday,3,September
9/16/2016 0:00,2016,9,38,16,Friday,3,September
9/17/2016 0:00,2016,9,38,17,Saturday,3,September
9/18/2016 0:00,2016,9,39,18,Sunday,3,September
9/19/2016 0:00,2016,9,39,19,Monday,3,September
9/20/2016 0:00,2016,9,39,20,Tuesday,3,September
9/21/2016 0:00,2016,9,39,21,Wednesday,3,September
9/22/2016 0:00,2016,9,39,22,Thursday,3,September
9/23/2016 0:00,2016,9,39,23,Friday,3,September
9/24/2016 0:00,2016,9,39,24,Saturday,3,September
9/25/2016 0:00,2016,9,40,25,Sunday,3,September
9/26/2016 0:00,2016,9,40,26,Monday,3,September
9/27/2016 0:00,2016,9,40,27,Tuesday,3,September
9/28/2016 0:00,2016,9,40,28,Wednesday,3,September
9/29/2016 0:00,2016,9,40,29,Thursday,3,September
9/30/2016 0:00,2016,9,40,30,Friday,3,September
1/1/2016 0:00,2016,1,1,1,Friday,1,January
1/2/2016 0:00,2016,1,1,2,Saturday,1,January
1/3/2016 0:00,2016,1,2,3,Sunday,1,January
1/4/2016 0:00,2016,1,2,4,Monday,1,January
1/5/2016 0:00,2016,1,2,5,Tuesday,1,January
1/6/2016 0:00,2016,1,2,6,Wednesday,1,January
1/7/2016 0:00,2016,1,2,7,Thursday,1,January
1/8/2016 0:00,2016,1,2,8,Friday,1,January
1/9/2016 0:00,2016,1,2,9,Saturday,1,January
1/10/2016 0:00,2016,1,3,10,Sunday,1,January
1/11/2016 0:00,2016,1,3,11,Monday,1,January
1/12/2016 0:00,2016,1,3,12,Tuesday,1,January
1/13/2016 0:00,2016,1,3,13,Wednesday,1,January
1/14/2016 0:00,2016,1,3,14,Thursday,1,January
1/15/2016 0:00,2016,1,3,15,Friday,1,January
1/16/2016 0:00,2016,1,3,16,Saturday,1,January
1/17/2016 0:00,2016,1,4,17,Sunday,1,January
1/18/2016 0:00,2016,1,4,18,Monday,1,January
1/19/2016 0:00,2016,1,4,19,Tuesday,1,January
1/20/2016 0:00,2016,1,4,20,Wednesday,1,January
1/21/2016 0:00,2016,1,4,21,Thursday,1,January
1/22/2016 0:00,2016,1,4,22,Friday,1,January
1/23/2016 0:00,2016,1,4,23,Saturday,1,January
1/24/2016 0:00,2016,1,5,24,Sunday,1,January
1/25/2016 0:00,2016,1,5,25,Monday,1,January
1/26/2016 0:00,2016,1,5,26,Tuesday,1,January
1/27/2016 0:00,2016,1,5,27,Wednesday,1,January
1/28/2016 0:00,2016,1,5,28,Thursday,1,January
1/29/2016 0:00,2016,1,5,29,Friday,1,January
1/30/2016 0:00,2016,1,5,30,Saturday,1,January
1/31/2016 0:00,2016,1,6,31,Sunday,1,January
2/1/2016 0:00,2016,2,6,1,Monday,1,February
2/2/2016 0:00,2016,2,6,2,Tuesday,1,February
2/3/2016 0:00,2016,2,6,3,Wednesday,1,February
2/4/2016 0:00,2016,2,6,4,Thursday,1,February
2/5/2016 0:00,2016,2,6,5,Friday,1,February
2/6/2016 0:00,2016,2,6,6,Saturday,1,February
2/7/2016 0:00,2016,2,7,7,Sunday,1,February
2/8/2016 0:00,2016,2,7,8,Monday,1,February
2/9/2016 0:00,2016,2,7,9,Tuesday,1,February
2/10/2016 0:00,2016,2,7,10,Wednesday,1,February
2/11/2016 0:00,2016,2,7,11,Thursday,1,February
2/12/2016 0:00,2016,2,7,12,Friday,1,February
2/13/2016 0:00,2016,2,7,13,Saturday,1,February
2/14/2016 0:00,2016,2,8,14,Sunday,1,February
2/15/2016 0:00,2016,2,8,15,Monday,1,February
2/16/2016 0:00,2016,2,8,16,Tuesday,1,February
2/17/2016 0:00,2016,2,8,17,Wednesday,1,February
2/18/2016 0:00,2016,2,8,18,Thursday,1,February
2/19/2016 0:00,2016,2,8,19,Friday,1,February
2/20/2016 0:00,2016,2,8,20,Saturday,1,February
2/21/2016 0:00,2016,2,9,21,Sunday,1,February
2/22/2016 0:00,2016,2,9,22,Monday,1,February
2/23/2016 0:00,2016,2,9,23,Tuesday,1,February
2/24/2016 0:00,2016,2,9,24,Wednesday,1,February
2/25/2016 0:00,2016,2,9,25,Thursday,1,February
2/26/2016 0:00,2016,2,9,26,Friday,1,February
2/27/2016 0:00,2016,2,9,27,Saturday,1,February
2/28/2016 0:00,2016,2,10,28,Sunday,1,February
2/29/2016 0:00,2016,2,10,29,Monday,1,February
3/1/2016 0:00,2016,3,10,1,Tuesday,1,March
3/2/2016 0:00,2016,3,10,2,Wednesday,1,March
3/3/2016 0:00,2016,3,10,3,Thursday,1,March
3/4/2016 0:00,2016,3,10,4,Friday,1,March
3/5/2016 0:00,2016,3,10,5,Saturday,1,March
3/6/2016 0:00,2016,3,11,6,Sunday,1,March
3/7/2016 0:00,2016,3,11,7,Monday,1,March
3/8/2016 0:00,2016,3,11,8,Tuesday,1,March
3/9/2016 0:00,2016,3,11,9,Wednesday,1,March
3/10/2016 0:00,2016,3,11,10,Thursday,1,March
3/11/2016 0:00,2016,3,11,11,Friday,1,March
3/12/2016 0:00,2016,3,11,12,Saturday,1,March
3/13/2016 0:00,2016,3,12,13,Sunday,1,March
3/14/2016 0:00,2016,3,12,14,Monday,1,March
3/15/2016 0:00,2016,3,12,15,Tuesday,1,March
3/16/2016 0:00,2016,3,12,16,Wednesday,1,March
3/17/2016 0:00,2016,3,12,17,Thursday,1,March
3/18/2016 0:00,2016,3,12,18,Friday,1,March
3/19/2016 0:00,2016,3,12,19,Saturday,1,March
3/20/2016 0:00,2016,3,13,20,Sunday,1,March
3/21/2016 0:00,2016,3,13,21,Monday,1,March
3/22/2016 0:00,2016,3,13,22,Tuesday,1,March
3/23/2016 0:00,2016,3,13,23,Wednesday,1,March
3/24/2016 0:00,2016,3,13,24,Thursday,1,March
3/25/2016 0:00,2016,3,13,25,Friday,1,March
3/26/2016 0:00,2016,3,13,26,Saturday,1,March
3/27/2016 0:00,2016,3,14,27,Sunday,1,March
3/28/2016 0:00,2016,3,14,28,Monday,1,March
3/29/2016 0:00,2016,3,14,29,Tuesday,1,March
3/30/2016 0:00,2016,3,14,30,Wednesday,1,March
3/31/2016 0:00,2016,3,14,31,Thursday,1,March
4/1/2016 0:00,2016,4,14,1,Friday,2,April
4/2/2016 0:00,2016,4,14,2,Saturday,2,April
4/3/2016 0:00,2016,4,15,3,Sunday,2,April
4/4/2016 0:00,2016,4,15,4,Monday,2,April
4/5/2016 0:00,2016,4,15,5,Tuesday,2,April
4/6/2016 0:00,2016,4,15,6,Wednesday,2,April
4/7/2016 0:00,2016,4,15,7,Thursday,2,April
4/8/2016 0:00,2016,4,15,8,Friday,2,April
4/9/2016 0:00,2016,4,15,9,Saturday,2,April
4/10/2016 0:00,2016,4,16,10,Sunday,2,April
4/11/2016 0:00,2016,4,16,11,Monday,2,April
4/12/2016 0:00,2016,4,16,12,Tuesday,2,April
4/13/2016 0:00,2016,4,16,13,Wednesday,2,April
4/14/2016 0:00,2016,4,16,14,Thursday,2,April
4/15/2016 0:00,2016,4,16,15,Friday,2,April
4/16/2016 0:00,2016,4,16,16,Saturday,2,April
4/17/2016 0:00,2016,4,17,17,Sunday,2,April
4/18/2016 0:00,2016,4,17,18,Monday,2,April
4/19/2016 0:00,2016,4,17,19,Tuesday,2,April
4/20/2016 0:00,2016,4,17,20,Wednesday,2,April
4/21/2016 0:00,2016,4,17,21,Thursday,2,April
4/22/2016 0:00,2016,4,17,22,Friday,2,April
4/23/2016 0:00,2016,4,17,23,Saturday,2,April
4/24/2016 0:00,2016,4,18,24,Sunday,2,April
4/25/2016 0:00,2016,4,18,25,Monday,2,April
4/26/2016 0:00,2016,4,18,26,Tuesday,2,April
4/27/2016 0:00,2016,4,18,27,Wednesday,2,April
4/28/2016 0:00,2016,4,18,28,Thursday,2,April
4/29/2016 0:00,2016,4,18,29,Friday,2,April
4/30/2016 0:00,2016,4,18,30,Saturday,2,April
5/1/2016 0:00,2016,5,19,1,Sunday,2,May
5/2/2016 0:00,2016,5,19,2,Monday,2,May
5/3/2016 0:00,2016,5,19,3,Tuesday,2,May
5/4/2016 0:00,2016,5,19,4,Wednesday,2,May
5/5/2016 0:00,2016,5,19,5,Thursday,2,May
5/6/2016 0:00,2016,5,19,6,Friday,2,May
5/7/2016 0:00,2016,5,19,7,Saturday,2,May
5/8/2016 0:00,2016,5,20,8,Sunday,2,May
5/9/2016 0:00,2016,5,20,9,Monday,2,May
5/10/2016 0:00,2016,5,20,10,Tuesday,2,May
5/11/2016 0:00,2016,5,20,11,Wednesday,2,May
5/12/2016 0:00,2016,5,20,12,Thursday,2,May
5/13/2016 0:00,2016,5,20,13,Friday,2,May
5/14/2016 0:00,2016,5,20,14,Saturday,2,May
5/15/2016 0:00,2016,5,21,15,Sunday,2,May
5/16/2016 0:00,2016,5,21,16,Monday,2,May
5/17/2016 0:00,2016,5,21,17,Tuesday,2,May
5/18/2016 0:00,2016,5,21,18,Wednesday,2,May
5/19/2016 0:00,2016,5,21,19,Thursday,2,May
5/20/2016 0:00,2016,5,21,20,Friday,2,May
5/21/2016 0:00,2016,5,21,21,Saturday,2,May
5/22/2016 0:00,2016,5,22,22,Sunday,2,May
5/23/2016 0:00,2016,5,22,23,Monday,2,May
5/24/2016 0:00,2016,5,22,24,Tuesday,2,May
5/25/2016 0:00,2016,5,22,25,Wednesday,2,May
5/26/2016 0:00,2016,5,22,26,Thursday,2,May
5/27/2016 0:00,2016,5,22,27,Friday,2,May
5/28/2016 0:00,2016,5,22,28,Saturday,2,May
5/29/2016 0:00,2016,5,23,29,Sunday,2,May
5/30/2016 0:00,2016,5,23,30,Monday,2,May
5/31/2016 0:00,2016,5,23,31,Tuesday,2,May
6/1/2016 0:00,2016,6,23,1,Wednesday,2,June
6/2/2016 0:00,2016,6,23,2,Thursday,2,June
6/3/2016 0:00,2016,6,23,3,Friday,2,June
6/4/2016 0:00,2016,6,23,4,Saturday,2,June
6/5/2016 0:00,2016,6,24,5,Sunday,2,June
6/6/2016 0:00,2016,6,24,6,Monday,2,June
6/7/2016 0:00,2016,6,24,7,Tuesday,2,June
6/8/2016 0:00,2016,6,24,8,Wednesday,2,June
6/9/2016 0:00,2016,6,24,9,Thursday,2,June
6/10/2016 0:00,2016,6,24,10,Friday,2,June
6/11/2016 0:00,2016,6,24,11,Saturday,2,June
6/12/2016 0:00,2016,6,25,12,Sunday,2,June
6/13/2016 0:00,2016,6,25,13,Monday,2,June
6/14/2016 0:00,2016,6,25,14,Tuesday,2,June
6/15/2016 0:00,2016,6,25,15,Wednesday,2,June
6/16/2016 0:00,2016,6,25,16,Thursday,2,June
6/17/2016 0:00,2016,6,25,17,Friday,2,June
6/18/2016 0:00,2016,6,25,18,Saturday,2,June
6/19/2016 0:00,2016,6,26,19,Sunday,2,June
6/20/2016 0:00,2016,6,26,20,Monday,2,June
6/21/2016 0:00,2016,6,26,21,Tuesday,2,June
6/22/2016 0:00,2016,6,26,22,Wednesday,2,June
6/23/2016 0:00,2016,6,26,23,Thursday,2,June
6/24/2016 0:00,2016,6,26,24,Friday,2,June
6/25/2016 0:00,2016,6,26,25,Saturday,2,June
6/26/2016 0:00,2016,6,27,26,Sunday,2,June
6/27/2016 0:00,2016,6,27,27,Monday,2,June
6/28/2016 0:00,2016,6,27,28,Tuesday,2,June
6/29/2016 0:00,2016,6,27,29,Wednesday,2,June
6/30/2016 0:00,2016,6,27,30,Thursday,2,June
10/1/2016 0:00,2016,10,40,1,Saturday,4,October
10/2/2016 0:00,2016,10,41,2,Sunday,4,October
10/3/2016 0:00,2016,10,41,3,Monday,4,October
10/4/2016 0:00,2016,10,41,4,Tuesday,4,October
10/5/2016 0:00,2016,10,41,5,Wednesday,4,October
10/6/2016 0:00,2016,10,41,6,Thursday,4,October
10/7/2016 0:00,2016,10,41,7,Friday,4,October
10/8/2016 0:00,2016,10,41,8,Saturday,4,October
10/9/2016 0:00,2016,10,42,9,Sunday,4,October
10/10/2016 0:00,2016,10,42,10,Monday,4,October
10/11/2016 0:00,2016,10,42,11,Tuesday,4,October
10/12/2016 0:00,2016,10,42,12,Wednesday,4,October
10/13/2016 0:00,2016,10,42,13,Thursday,4,October
10/14/2016 0:00,2016,10,42,14,Friday,4,October
10/15/2016 0:00,2016,10,42,15,Saturday,4,October
10/16/2016 0:00,2016,10,43,16,Sunday,4,October
10/17/2016 0:00,2016,10,43,17,Monday,4,October
10/18/2016 0:00,2016,10,43,18,Tuesday,4,October
10/19/2016 0:00,2016,10,43,19,Wednesday,4,October
10/20/2016 0:00,2016,10,43,20,Thursday,4,October
10/21/2016 0:00,2016,10,43,21,Friday,4,October
10/22/2016 0:00,2016,10,43,22,Saturday,4,October
10/23/2016 0:00,2016,10,44,23,Sunday,4,October
10/24/2016 0:00,2016,10,44,24,Monday,4,October
10/25/2016 0:00,2016,10,44,25,Tuesday,4,October
10/26/2016 0:00,2016,10,44,26,Wednesday,4,October
10/27/2016 0:00,2016,10,44,27,Thursday,4,October
10/28/2016 0:00,2016,10,44,28,Friday,4,October
10/29/2016 0:00,2016,10,44,29,Saturday,4,October
10/30/2016 0:00,2016,10,45,30,Sunday,4,October
10/31/2016 0:00,2016,10,45,31,Monday,4,October
11/1/2016 0:00,2016,11,45,1,Tuesday,4,November
11/2/2016 0:00,2016,11,45,2,Wednesday,4,November
11/3/2016 0:00,2016,11,45,3,Thursday,4,November
11/4/2016 0:00,2016,11,45,4,Friday,4,November
11/5/2016 0:00,2016,11,45,5,Saturday,4,November
11/6/2016 0:00,2016,11,46,6,Sunday,4,November
11/7/2016 0:00,2016,11,46,7,Monday,4,November
11/8/2016 0:00,2016,11,46,8,Tuesday,4,November
11/9/2016 0:00,2016,11,46,9,Wednesday,4,November
11/10/2016 0:00,2016,11,46,10,Thursday,4,November
11/11/2016 0:00,2016,11,46,11,Friday,4,November
11/12/2016 0:00,2016,11,46,12,Saturday,4,November
11/13/2016 0:00,2016,11,47,13,Sunday,4,November
11/14/2016 0:00,2016,11,47,14,Monday,4,November
11/15/2016 0:00,2016,11,47,15,Tuesday,4,November
11/16/2016 0:00,2016,11,47,16,Wednesday,4,November
11/17/2016 0:00,2016,11,47,17,Thursday,4,November
11/18/2016 0:00,2016,11,47,18,Friday,4,November
11/19/2016 0:00,2016,11,47,19,Saturday,4,November
11/20/2016 0:00,2016,11,48,20,Sunday,4,November
11/21/2016 0:00,2016,11,48,21,Monday,4,November
11/22/2016 0:00,2016,11,48,22,Tuesday,4,November
11/23/2016 0:00,2016,11,48,23,Wednesday,4,November
11/24/2016 0:00,2016,11,48,24,Thursday,4,November
11/25/2016 0:00,2016,11,48,25,Friday,4,November
11/26/2016 0:00,2016,11,48,26,Saturday,4,November
11/27/2016 0:00,2016,11,49,27,Sunday,4,November
11/28/2016 0:00,2016,11,49,28,Monday,4,November
11/29/2016 0:00,2016,11,49,29,Tuesday,4,November
11/30/2016 0:00,2016,11,49,30,Wednesday,4,November
12/1/2016 0:00,2016,12,49,1,Thursday,4,December
12/2/2016 0:00,2016,12,49,2,Friday,4,December
12/3/2016 0:00,2016,12,49,3,Saturday,4,December
12/4/2016 0:00,2016,12,50,4,Sunday,4,December
12/5/2016 0:00,2016,12,50,5,Monday,4,December
12/6/2016 0:00,2016,12,50,6,Tuesday,4,December
12/7/2016 0:00,2016,12,50,7,Wednesday,4,December
12/8/2016 0:00,2016,12,50,8,Thursday,4,December
12/9/2016 0:00,2016,12,50,9,Friday,4,December
12/10/2016 0:00,2016,12,50,10,Saturday,4,December
12/11/2016 0:00,2016,12,51,11,Sunday,4,December
12/12/2016 0:00,2016,12,51,12,Monday,4,December
12/13/2016 0:00,2016,12,51,13,Tuesday,4,December
12/14/2016 0:00,2016,12,51,14,Wednesday,4,December
12/15/2016 0:00,2016,12,51,15,Thursday,4,December
12/16/2016 0:00,2016,12,51,16,Friday,4,December
12/17/2016 0:00,2016,12,51,17,Saturday,4,December
12/18/2016 0:00,2016,12,52,18,Sunday,4,December
12/19/2016 0:00,2016,12,52,19,Monday,4,December
12/20/2016 0:00,2016,12,52,20,Tuesday,4,December
12/21/2016 0:00,2016,12,52,21,Wednesday,4,December
12/22/2016 0:00,2016,12,52,22,Thursday,4,December
12/23/2016 0:00,2016,12,52,23,Friday,4,December
12/24/2016 0:00,2016,12,52,24,Saturday,4,December
12/25/2016 0:00,2016,12,53,25,Sunday,4,December
12/26/2016 0:00,2016,12,53,26,Monday,4,December
12/27/2016 0:00,2016,12,53,27,Tuesday,4,December
12/28/2016 0:00,2016,12,53,28,Wednesday,4,December
12/29/2016 0:00,2016,12,53,29,Thursday,4,December
12/30/2016 0:00,2016,12,53,30,Friday,4,December
12/31/2016 0:00,2016,12,53,31,Saturday,4,December
1/1/2014 0:00,2014,1,1,1,Wednesday,1,January
1/2/2014 0:00,2014,1,1,2,Thursday,1,January
1/3/2014 0:00,2014,1,1,3,Friday,1,January
1/4/2014 0:00,2014,1,1,4,Saturday,1,January
1/5/2014 0:00,2014,1,2,5,Sunday,1,January
1/6/2014 0:00,2014,1,2,6,Monday,1,January
1/7/2014 0:00,2014,1,2,7,Tuesday,1,January
1/8/2014 0:00,2014,1,2,8,Wednesday,1,January
1/9/2014 0:00,2014,1,2,9,Thursday,1,January
1/10/2014 0:00,2014,1,2,10,Friday,1,January
1/11/2014 0:00,2014,1,2,11,Saturday,1,January
1/12/2014 0:00,2014,1,3,12,Sunday,1,January
1/13/2014 0:00,2014,1,3,13,Monday,1,January
1/14/2014 0:00,2014,1,3,14,Tuesday,1,January
1/15/2014 0:00,2014,1,3,15,Wednesday,1,January
1/16/2014 0:00,2014,1,3,16,Thursday,1,January
1/17/2014 0:00,2014,1,3,17,Friday,1,January
1/18/2014 0:00,2014,1,3,18,Saturday,1,January
1/19/2014 0:00,2014,1,4,19,Sunday,1,January
1/20/2014 0:00,2014,1,4,20,Monday,1,January
1/21/2014 0:00,2014,1,4,21,Tuesday,1,January
1/22/2014 0:00,2014,1,4,22,Wednesday,1,January
1/23/2014 0:00,2014,1,4,23,Thursday,1,January
1/24/2014 0:00,2014,1,4,24,Friday,1,January
1/25/2014 0:00,2014,1,4,25,Saturday,1,January
1/26/2014 0:00,2014,1,5,26,Sunday,1,January
1/27/2014 0:00,2014,1,5,27,Monday,1,January
1/28/2014 0:00,2014,1,5,28,Tuesday,1,January
1/29/2014 0:00,2014,1,5,29,Wednesday,1,January
1/30/2014 0:00,2014,1,5,30,Thursday,1,January
1/31/2014 0:00,2014,1,5,31,Friday,1,January
2/1/2014 0:00,2014,2,5,1,Saturday,1,February
2/2/2014 0:00,2014,2,6,2,Sunday,1,February
2/3/2014 0:00,2014,2,6,3,Monday,1,February
2/4/2014 0:00,2014,2,6,4,Tuesday,1,February
2/5/2014 0:00,2014,2,6,5,Wednesday,1,February
2/6/2014 0:00,2014,2,6,6,Thursday,1,February
2/7/2014 0:00,2014,2,6,7,Friday,1,February
2/8/2014 0:00,2014,2,6,8,Saturday,1,February
2/9/2014 0:00,2014,2,7,9,Sunday,1,February
2/10/2014 0:00,2014,2,7,10,Monday,1,February
2/11/2014 0:00,2014,2,7,11,Tuesday,1,February
2/12/2014 0:00,2014,2,7,12,Wednesday,1,February
2/13/2014 0:00,2014,2,7,13,Thursday,1,February
2/14/2014 0:00,2014,2,7,14,Friday,1,February
2/15/2014 0:00,2014,2,7,15,Saturday,1,February
2/16/2014 0:00,2014,2,8,16,Sunday,1,February
2/17/2014 0:00,2014,2,8,17,Monday,1,February
2/18/2014 0:00,2014,2,8,18,Tuesday,1,February
2/19/2014 0:00,2014,2,8,19,Wednesday,1,February
2/20/2014 0:00,2014,2,8,20,Thursday,1,February
2/21/2014 0:00,2014,2,8,21,Friday,1,February
2/22/2014 0:00,2014,2,8,22,Saturday,1,February
2/23/2014 0:00,2014,2,9,23,Sunday,1,February
2/24/2014 0:00,2014,2,9,24,Monday,1,February
2/25/2014 0:00,2014,2,9,25,Tuesday,1,February
2/26/2014 0:00,2014,2,9,26,Wednesday,1,February
2/27/2014 0:00,2014,2,9,27,Thursday,1,February
2/28/2014 0:00,2014,2,9,28,Friday,1,February
3/1/2014 0:00,2014,3,9,1,Saturday,1,March
3/2/2014 0:00,2014,3,10,2,Sunday,1,March
3/3/2014 0:00,2014,3,10,3,Monday,1,March
3/4/2014 0:00,2014,3,10,4,Tuesday,1,March
3/5/2014 0:00,2014,3,10,5,Wednesday,1,March
3/6/2014 0:00,2014,3,10,6,Thursday,1,March
3/7/2014 0:00,2014,3,10,7,Friday,1,March
3/8/2014 0:00,2014,3,10,8,Saturday,1,March
3/9/2014 0:00,2014,3,11,9,Sunday,1,March
3/10/2014 0:00,2014,3,11,10,Monday,1,March
3/11/2014 0:00,2014,3,11,11,Tuesday,1,March
3/12/2014 0:00,2014,3,11,12,Wednesday,1,March
3/13/2014 0:00,2014,3,11,13,Thursday,1,March
3/14/2014 0:00,2014,3,11,14,Friday,1,March
3/15/2014 0:00,2014,3,11,15,Saturday,1,March
3/16/2014 0:00,2014,3,12,16,Sunday,1,March
3/17/2014 0:00,2014,3,12,17,Monday,1,March
3/18/2014 0:00,2014,3,12,18,Tuesday,1,March
3/19/2014 0:00,2014,3,12,19,Wednesday,1,March
3/20/2014 0:00,2014,3,12,20,Thursday,1,March
3/21/2014 0:00,2014,3,12,21,Friday,1,March
3/22/2014 0:00,2014,3,12,22,Saturday,1,March
3/23/2014 0:00,2014,3,13,23,Sunday,1,March
3/24/2014 0:00,2014,3,13,24,Monday,1,March
3/25/2014 0:00,2014,3,13,25,Tuesday,1,March
3/26/2014 0:00,2014,3,13,26,Wednesday,1,March
3/27/2014 0:00,2014,3,13,27,Thursday,1,March
3/28/2014 0:00,2014,3,13,28,Friday,1,March
3/29/2014 0:00,2014,3,13,29,Saturday,1,March
3/30/2014 0:00,2014,3,14,30,Sunday,1,March
3/31/2014 0:00,2014,3,14,31,Monday,1,March
10/1/2014 0:00,2014,10,40,1,Wednesday,4,October
10/2/2014 0:00,2014,10,40,2,Thursday,4,October
10/3/2014 0:00,2014,10,40,3,Friday,4,October
10/4/2014 0:00,2014,10,40,4,Saturday,4,October
10/5/2014 0:00,2014,10,41,5,Sunday,4,October
10/6/2014 0:00,2014,10,41,6,Monday,4,October
10/7/2014 0:00,2014,10,41,7,Tuesday,4,October
10/8/2014 0:00,2014,10,41,8,Wednesday,4,October
10/9/2014 0:00,2014,10,41,9,Thursday,4,October
10/10/2014 0:00,2014,10,41,10,Friday,4,October
10/11/2014 0:00,2014,10,41,11,Saturday,4,October
10/12/2014 0:00,2014,10,42,12,Sunday,4,October
10/13/2014 0:00,2014,10,42,13,Monday,4,October
10/14/2014 0:00,2014,10,42,14,Tuesday,4,October
10/15/2014 0:00,2014,10,42,15,Wednesday,4,October
10/16/2014 0:00,2014,10,42,16,Thursday,4,October
10/17/2014 0:00,2014,10,42,17,Friday,4,October
10/18/2014 0:00,2014,10,42,18,Saturday,4,October
10/19/2014 0:00,2014,10,43,19,Sunday,4,October
10/20/2014 0:00,2014,10,43,20,Monday,4,October
10/21/2014 0:00,2014,10,43,21,Tuesday,4,October
10/22/2014 0:00,2014,10,43,22,Wednesday,4,October
10/23/2014 0:00,2014,10,43,23,Thursday,4,October
10/24/2014 0:00,2014,10,43,24,Friday,4,October
10/25/2014 0:00,2014,10,43,25,Saturday,4,October
10/26/2014 0:00,2014,10,44,26,Sunday,4,October
10/27/2014 0:00,2014,10,44,27,Monday,4,October
10/28/2014 0:00,2014,10,44,28,Tuesday,4,October
10/29/2014 0:00,2014,10,44,29,Wednesday,4,October
10/30/2014 0:00,2014,10,44,30,Thursday,4,October
10/31/2014 0:00,2014,10,44,31,Friday,4,October
11/1/2014 0:00,2014,11,44,1,Saturday,4,November
11/2/2014 0:00,2014,11,45,2,Sunday,4,November
11/3/2014 0:00,2014,11,45,3,Monday,4,November
11/4/2014 0:00,2014,11,45,4,Tuesday,4,November
11/5/2014 0:00,2014,11,45,5,Wednesday,4,November
11/6/2014 0:00,2014,11,45,6,Thursday,4,November
11/7/2014 0:00,2014,11,45,7,Friday,4,November
11/8/2014 0:00,2014,11,45,8,Saturday,4,November
11/9/2014 0:00,2014,11,46,9,Sunday,4,November
11/10/2014 0:00,2014,11,46,10,Monday,4,November
11/11/2014 0:00,2014,11,46,11,Tuesday,4,November
11/12/2014 0:00,2014,11,46,12,Wednesday,4,November
11/13/2014 0:00,2014,11,46,13,Thursday,4,November
11/14/2014 0:00,2014,11,46,14,Friday,4,November
11/15/2014 0:00,2014,11,46,15,Saturday,4,November
11/16/2014 0:00,2014,11,47,16,Sunday,4,November
11/17/2014 0:00,2014,11,47,17,Monday,4,November
11/18/2014 0:00,2014,11,47,18,Tuesday,4,November
11/19/2014 0:00,2014,11,47,19,Wednesday,4,November
11/20/2014 0:00,2014,11,47,20,Thursday,4,November
11/21/2014 0:00,2014,11,47,21,Friday,4,November
11/22/2014 0:00,2014,11,47,22,Saturday,4,November
11/23/2014 0:00,2014,11,48,23,Sunday,4,November
11/24/2014 0:00,2014,11,48,24,Monday,4,November
11/25/2014 0:00,2014,11,48,25,Tuesday,4,November
11/26/2014 0:00,2014,11,48,26,Wednesday,4,November
11/27/2014 0:00,2014,11,48,27,Thursday,4,November
11/28/2014 0:00,2014,11,48,28,Friday,4,November
11/29/2014 0:00,2014,11,48,29,Saturday,4,November
11/30/2014 0:00,2014,11,49,30,Sunday,4,November
12/1/2014 0:00,2014,12,49,1,Monday,4,December
12/2/2014 0:00,2014,12,49,2,Tuesday,4,December
12/3/2014 0:00,2014,12,49,3,Wednesday,4,December
12/4/2014 0:00,2014,12,49,4,Thursday,4,December
12/5/2014 0:00,2014,12,49,5,Friday,4,December
12/6/2014 0:00,2014,12,49,6,Saturday,4,December
12/7/2014 0:00,2014,12,50,7,Sunday,4,December
12/8/2014 0:00,2014,12,50,8,Monday,4,December
12/9/2014 0:00,2014,12,50,9,Tuesday,4,December
12/10/2014 0:00,2014,12,50,10,Wednesday,4,December
12/11/2014 0:00,2014,12,50,11,Thursday,4,December
12/12/2014 0:00,2014,12,50,12,Friday,4,December
12/13/2014 0:00,2014,12,50,13,Saturday,4,December
12/14/2014 0:00,2014,12,51,14,Sunday,4,December
12/15/2014 0:00,2014,12,51,15,Monday,4,December
12/16/2014 0:00,2014,12,51,16,Tuesday,4,December
12/17/2014 0:00,2014,12,51,17,Wednesday,4,December
12/18/2014 0:00,2014,12,51,18,Thursday,4,December
12/19/2014 0:00,2014,12,51,19,Friday,4,December
12/20/2014 0:00,2014,12,51,20,Saturday,4,December
12/21/2014 0:00,2014,12,52,21,Sunday,4,December
12/22/2014 0:00,2014,12,52,22,Monday,4,December
12/23/2014 0:00,2014,12,52,23,Tuesday,4,December
12/24/2014 0:00,2014,12,52,24,Wednesday,4,December
12/25/2014 0:00,2014,12,52,25,Thursday,4,December
12/26/2014 0:00,2014,12,52,26,Friday,4,December
12/27/2014 0:00,2014,12,52,27,Saturday,4,December
12/28/2014 0:00,2014,12,53,28,Sunday,4,December
12/29/2014 0:00,2014,12,53,29,Monday,4,December
12/30/2014 0:00,2014,12,53,30,Tuesday,4,December
12/31/2014 0:00,2014,12,53,31,Wednesday,4,December
4/1/2014 0:00,2014,4,14,1,Tuesday,2,April
4/2/2014 0:00,2014,4,14,2,Wednesday,2,April
4/3/2014 0:00,2014,4,14,3,Thursday,2,April
4/4/2014 0:00,2014,4,14,4,Friday,2,April
4/5/2014 0:00,2014,4,14,5,Saturday,2,April
4/6/2014 0:00,2014,4,15,6,Sunday,2,April
4/7/2014 0:00,2014,4,15,7,Monday,2,April
4/8/2014 0:00,2014,4,15,8,Tuesday,2,April
4/9/2014 0:00,2014,4,15,9,Wednesday,2,April
4/10/2014 0:00,2014,4,15,10,Thursday,2,April
4/11/2014 0:00,2014,4,15,11,Friday,2,April
4/12/2014 0:00,2014,4,15,12,Saturday,2,April
4/13/2014 0:00,2014,4,16,13,Sunday,2,April
4/14/2014 0:00,2014,4,16,14,Monday,2,April
4/15/2014 0:00,2014,4,16,15,Tuesday,2,April
4/16/2014 0:00,2014,4,16,16,Wednesday,2,April
4/17/2014 0:00,2014,4,16,17,Thursday,2,April
4/18/2014 0:00,2014,4,16,18,Friday,2,April
4/19/2014 0:00,2014,4,16,19,Saturday,2,April
4/20/2014 0:00,2014,4,17,20,Sunday,2,April
4/21/2014 0:00,2014,4,17,21,Monday,2,April
4/22/2014 0:00,2014,4,17,22,Tuesday,2,April
4/23/2014 0:00,2014,4,17,23,Wednesday,2,April
4/24/2014 0:00,2014,4,17,24,Thursday,2,April
4/25/2014 0:00,2014,4,17,25,Friday,2,April
4/26/2014 0:00,2014,4,17,26,Saturday,2,April
4/27/2014 0:00,2014,4,18,27,Sunday,2,April
4/28/2014 0:00,2014,4,18,28,Monday,2,April
4/29/2014 0:00,2014,4,18,29,Tuesday,2,April
4/30/2014 0:00,2014,4,18,30,Wednesday,2,April
5/1/2014 0:00,2014,5,18,1,Thursday,2,May
5/2/2014 0:00,2014,5,18,2,Friday,2,May
5/3/2014 0:00,2014,5,18,3,Saturday,2,May
5/4/2014 0:00,2014,5,19,4,Sunday,2,May
5/5/2014 0:00,2014,5,19,5,Monday,2,May
5/6/2014 0:00,2014,5,19,6,Tuesday,2,May
5/7/2014 0:00,2014,5,19,7,Wednesday,2,May
5/8/2014 0:00,2014,5,19,8,Thursday,2,May
5/9/2014 0:00,2014,5,19,9,Friday,2,May
5/10/2014 0:00,2014,5,19,10,Saturday,2,May
5/11/2014 0:00,2014,5,20,11,Sunday,2,May
5/12/2014 0:00,2014,5,20,12,Monday,2,May
5/13/2014 0:00,2014,5,20,13,Tuesday,2,May
5/14/2014 0:00,2014,5,20,14,Wednesday,2,May
5/15/2014 0:00,2014,5,20,15,Thursday,2,May
5/16/2014 0:00,2014,5,20,16,Friday,2,May
5/17/2014 0:00,2014,5,20,17,Saturday,2,May
5/18/2014 0:00,2014,5,21,18,Sunday,2,May
5/19/2014 0:00,2014,5,21,19,Monday,2,May
5/20/2014 0:00,2014,5,21,20,Tuesday,2,May
5/21/2014 0:00,2014,5,21,21,Wednesday,2,May
5/22/2014 0:00,2014,5,21,22,Thursday,2,May
5/23/2014 0:00,2014,5,21,23,Friday,2,May
5/24/2014 0:00,2014,5,21,24,Saturday,2,May
5/25/2014 0:00,2014,5,22,25,Sunday,2,May
5/26/2014 0:00,2014,5,22,26,Monday,2,May
5/27/2014 0:00,2014,5,22,27,Tuesday,2,May
5/28/2014 0:00,2014,5,22,28,Wednesday,2,May
5/29/2014 0:00,2014,5,22,29,Thursday,2,May
5/30/2014 0:00,2014,5,22,30,Friday,2,May
5/31/2014 0:00,2014,5,22,31,Saturday,2,May
6/1/2014 0:00,2014,6,23,1,Sunday,2,June
6/2/2014 0:00,2014,6,23,2,Monday,2,June
6/3/2014 0:00,2014,6,23,3,Tuesday,2,June
6/4/2014 0:00,2014,6,23,4,Wednesday,2,June
6/5/2014 0:00,2014,6,23,5,Thursday,2,June
6/6/2014 0:00,2014,6,23,6,Friday,2,June
6/7/2014 0:00,2014,6,23,7,Saturday,2,June
6/8/2014 0:00,2014,6,24,8,Sunday,2,June
6/9/2014 0:00,2014,6,24,9,Monday,2,June
6/10/2014 0:00,2014,6,24,10,Tuesday,2,June
6/11/2014 0:00,2014,6,24,11,Wednesday,2,June
6/12/2014 0:00,2014,6,24,12,Thursday,2,June
6/13/2014 0:00,2014,6,24,13,Friday,2,June
6/14/2014 0:00,2014,6,24,14,Saturday,2,June
6/15/2014 0:00,2014,6,25,15,Sunday,2,June
6/16/2014 0:00,2014,6,25,16,Monday,2,June
6/17/2014 0:00,2014,6,25,17,Tuesday,2,June
6/18/2014 0:00,2014,6,25,18,Wednesday,2,June
6/19/2014 0:00,2014,6,25,19,Thursday,2,June
6/20/2014 0:00,2014,6,25,20,Friday,2,June
6/21/2014 0:00,2014,6,25,21,Saturday,2,June
6/22/2014 0:00,2014,6,26,22,Sunday,2,June
6/23/2014 0:00,2014,6,26,23,Monday,2,June
6/24/2014 0:00,2014,6,26,24,Tuesday,2,June
6/25/2014 0:00,2014,6,26,25,Wednesday,2,June
6/26/2014 0:00,2014,6,26,26,Thursday,2,June
6/27/2014 0:00,2014,6,26,27,Friday,2,June
6/28/2014 0:00,2014,6,26,28,Saturday,2,June
6/29/2014 0:00,2014,6,27,29,Sunday,2,June
6/30/2014 0:00,2014,6,27,30,Monday,2,June
7/1/2014 0:00,2014,7,27,1,Tuesday,3,July
7/2/2014 0:00,2014,7,27,2,Wednesday,3,July
7/3/2014 0:00,2014,7,27,3,Thursday,3,July
7/4/2014 0:00,2014,7,27,4,Friday,3,July
7/5/2014 0:00,2014,7,27,5,Saturday,3,July
7/6/2014 0:00,2014,7,28,6,Sunday,3,July
7/7/2014 0:00,2014,7,28,7,Monday,3,July
7/8/2014 0:00,2014,7,28,8,Tuesday,3,July
7/9/2014 0:00,2014,7,28,9,Wednesday,3,July
7/10/2014 0:00,2014,7,28,10,Thursday,3,July
7/11/2014 0:00,2014,7,28,11,Friday,3,July
7/12/2014 0:00,2014,7,28,12,Saturday,3,July
7/13/2014 0:00,2014,7,29,13,Sunday,3,July
7/14/2014 0:00,2014,7,29,14,Monday,3,July
7/15/2014 0:00,2014,7,29,15,Tuesday,3,July
7/16/2014 0:00,2014,7,29,16,Wednesday,3,July
7/17/2014 0:00,2014,7,29,17,Thursday,3,July
7/18/2014 0:00,2014,7,29,18,Friday,3,July
7/19/2014 0:00,2014,7,29,19,Saturday,3,July
7/20/2014 0:00,2014,7,30,20,Sunday,3,July
7/21/2014 0:00,2014,7,30,21,Monday,3,July
7/22/2014 0:00,2014,7,30,22,Tuesday,3,July
7/23/2014 0:00,2014,7,30,23,Wednesday,3,July
7/24/2014 0:00,2014,7,30,24,Thursday,3,July
7/25/2014 0:00,2014,7,30,25,Friday,3,July
7/26/2014 0:00,2014,7,30,26,Saturday,3,July
7/27/2014 0:00,2014,7,31,27,Sunday,3,July
7/28/2014 0:00,2014,7,31,28,Monday,3,July
7/29/2014 0:00,2014,7,31,29,Tuesday,3,July
7/30/2014 0:00,2014,7,31,30,Wednesday,3,July
7/31/2014 0:00,2014,7,31,31,Thursday,3,July
8/1/2014 0:00,2014,8,31,1,Friday,3,August
8/2/2014 0:00,2014,8,31,2,Saturday,3,August
8/3/2014 0:00,2014,8,32,3,Sunday,3,August
8/4/2014 0:00,2014,8,32,4,Monday,3,August
8/5/2014 0:00,2014,8,32,5,Tuesday,3,August
8/6/2014 0:00,2014,8,32,6,Wednesday,3,August
8/7/2014 0:00,2014,8,32,7,Thursday,3,August
8/8/2014 0:00,2014,8,32,8,Friday,3,August
8/9/2014 0:00,2014,8,32,9,Saturday,3,August
8/10/2014 0:00,2014,8,33,10,Sunday,3,August
8/11/2014 0:00,2014,8,33,11,Monday,3,August
8/12/2014 0:00,2014,8,33,12,Tuesday,3,August
8/13/2014 0:00,2014,8,33,13,Wednesday,3,August
8/14/2014 0:00,2014,8,33,14,Thursday,3,August
8/15/2014 0:00,2014,8,33,15,Friday,3,August
8/16/2014 0:00,2014,8,33,16,Saturday,3,August
8/17/2014 0:00,2014,8,34,17,Sunday,3,August
8/18/2014 0:00,2014,8,34,18,Monday,3,August
8/19/2014 0:00,2014,8,34,19,Tuesday,3,August
8/20/2014 0:00,2014,8,34,20,Wednesday,3,August
8/21/2014 0:00,2014,8,34,21,Thursday,3,August
8/22/2014 0:00,2014,8,34,22,Friday,3,August
8/23/2014 0:00,2014,8,34,23,Saturday,3,August
8/24/2014 0:00,2014,8,35,24,Sunday,3,August
8/25/2014 0:00,2014,8,35,25,Monday,3,August
8/26/2014 0:00,2014,8,35,26,Tuesday,3,August
8/27/2014 0:00,2014,8,35,27,Wednesday,3,August
8/28/2014 0:00,2014,8,35,28,Thursday,3,August
8/29/2014 0:00,2014,8,35,29,Friday,3,August
8/30/2014 0:00,2014,8,35,30,Saturday,3,August
8/31/2014 0:00,2014,8,36,31,Sunday,3,August
9/1/2014 0:00,2014,9,36,1,Monday,3,September
9/2/2014 0:00,2014,9,36,2,Tuesday,3,September
9/3/2014 0:00,2014,9,36,3,Wednesday,3,September
9/4/2014 0:00,2014,9,36,4,Thursday,3,September
9/5/2014 0:00,2014,9,36,5,Friday,3,September
9/6/2014 0:00,2014,9,36,6,Saturday,3,September
9/7/2014 0:00,2014,9,37,7,Sunday,3,September
9/8/2014 0:00,2014,9,37,8,Monday,3,September
9/9/2014 0:00,2014,9,37,9,Tuesday,3,September
9/10/2014 0:00,2014,9,37,10,Wednesday,3,September
9/11/2014 0:00,2014,9,37,11,Thursday,3,September
9/12/2014 0:00,2014,9,37,12,Friday,3,September
9/13/2014 0:00,2014,9,37,13,Saturday,3,September
9/14/2014 0:00,2014,9,38,14,Sunday,3,September
9/15/2014 0:00,2014,9,38,15,Monday,3,September
9/16/2014 0:00,2014,9,38,16,Tuesday,3,September
9/17/2014 0:00,2014,9,38,17,Wednesday,3,September
9/18/2014 0:00,2014,9,38,18,Thursday,3,September
9/19/2014 0:00,2014,9,38,19,Friday,3,September
9/20/2014 0:00,2014,9,38,20,Saturday,3,September
9/21/2014 0:00,2014,9,39,21,Sunday,3,September
9/22/2014 0:00,2014,9,39,22,Monday,3,September
9/23/2014 0:00,2014,9,39,23,Tuesday,3,September
9/24/2014 0:00,2014,9,39,24,Wednesday,3,September
9/25/2014 0:00,2014,9,39,25,Thursday,3,September
9/26/2014 0:00,2014,9,39,26,Friday,3,September
9/27/2014 0:00,2014,9,39,27,Saturday,3,September
9/28/2014 0:00,2014,9,40,28,Sunday,3,September
9/29/2014 0:00,2014,9,40,29,Monday,3,September
9/30/2014 0:00,2014,9,40,30,Tuesday,3,September
7/1/2015 0:00,2015,7,27,1,Wednesday,3,July
7/2/2015 0:00,2015,7,27,2,Thursday,3,July
7/3/2015 0:00,2015,7,27,3,Friday,3,July
7/4/2015 0:00,2015,7,27,4,Saturday,3,July
7/5/2015 0:00,2015,7,28,5,Sunday,3,July
7/6/2015 0:00,2015,7,28,6,Monday,3,July
7/7/2015 0:00,2015,7,28,7,Tuesday,3,July
7/8/2015 0:00,2015,7,28,8,Wednesday,3,July
7/9/2015 0:00,2015,7,28,9,Thursday,3,July
7/10/2015 0:00,2015,7,28,10,Friday,3,July
7/11/2015 0:00,2015,7,28,11,Saturday,3,July
7/12/2015 0:00,2015,7,29,12,Sunday,3,July
7/13/2015 0:00,2015,7,29,13,Monday,3,July
7/14/2015 0:00,2015,7,29,14,Tuesday,3,July
7/15/2015 0:00,2015,7,29,15,Wednesday,3,July
7/16/2015 0:00,2015,7,29,16,Thursday,3,July
7/17/2015 0:00,2015,7,29,17,Friday,3,July
7/18/2015 0:00,2015,7,29,18,Saturday,3,July
7/19/2015 0:00,2015,7,30,19,Sunday,3,July
7/20/2015 0:00,2015,7,30,20,Monday,3,July
7/21/2015 0:00,2015,7,30,21,Tuesday,3,July
7/22/2015 0:00,2015,7,30,22,Wednesday,3,July
7/23/2015 0:00,2015,7,30,23,Thursday,3,July
7/24/2015 0:00,2015,7,30,24,Friday,3,July
7/25/2015 0:00,2015,7,30,25,Saturday,3,July
7/26/2015 0:00,2015,7,31,26,Sunday,3,July
7/27/2015 0:00,2015,7,31,27,Monday,3,July
7/28/2015 0:00,2015,7,31,28,Tuesday,3,July
7/29/2015 0:00,2015,7,31,29,Wednesday,3,July
7/30/2015 0:00,2015,7,31,30,Thursday,3,July
7/31/2015 0:00,2015,7,31,31,Friday,3,July
8/1/2015 0:00,2015,8,31,1,Saturday,3,August
8/2/2015 0:00,2015,8,32,2,Sunday,3,August
8/3/2015 0:00,2015,8,32,3,Monday,3,August
8/4/2015 0:00,2015,8,32,4,Tuesday,3,August
8/5/2015 0:00,2015,8,32,5,Wednesday,3,August
8/6/2015 0:00,2015,8,32,6,Thursday,3,August
8/7/2015 0:00,2015,8,32,7,Friday,3,August
8/8/2015 0:00,2015,8,32,8,Saturday,3,August
8/9/2015 0:00,2015,8,33,9,Sunday,3,August
8/10/2015 0:00,2015,8,33,10,Monday,3,August
8/11/2015 0:00,2015,8,33,11,Tuesday,3,August
8/12/2015 0:00,2015,8,33,12,Wednesday,3,August
8/13/2015 0:00,2015,8,33,13,Thursday,3,August
8/14/2015 0:00,2015,8,33,14,Friday,3,August
8/15/2015 0:00,2015,8,33,15,Saturday,3,August
8/16/2015 0:00,2015,8,34,16,Sunday,3,August
8/17/2015 0:00,2015,8,34,17,Monday,3,August
8/18/2015 0:00,2015,8,34,18,Tuesday,3,August
8/19/2015 0:00,2015,8,34,19,Wednesday,3,August
8/20/2015 0:00,2015,8,34,20,Thursday,3,August
8/21/2015 0:00,2015,8,34,21,Friday,3,August
8/22/2015 0:00,2015,8,34,22,Saturday,3,August
8/23/2015 0:00,2015,8,35,23,Sunday,3,August
8/24/2015 0:00,2015,8,35,24,Monday,3,August
8/25/2015 0:00,2015,8,35,25,Tuesday,3,August
8/26/2015 0:00,2015,8,35,26,Wednesday,3,August
8/27/2015 0:00,2015,8,35,27,Thursday,3,August
8/28/2015 0:00,2015,8,35,28,Friday,3,August
8/29/2015 0:00,2015,8,35,29,Saturday,3,August
8/30/2015 0:00,2015,8,36,30,Sunday,3,August
8/31/2015 0:00,2015,8,36,31,Monday,3,August
9/1/2015 0:00,2015,9,36,1,Tuesday,3,September
9/2/2015 0:00,2015,9,36,2,Wednesday,3,September
9/3/2015 0:00,2015,9,36,3,Thursday,3,September
9/4/2015 0:00,2015,9,36,4,Friday,3,September
9/5/2015 0:00,2015,9,36,5,Saturday,3,September
9/6/2015 0:00,2015,9,37,6,Sunday,3,September
9/7/2015 0:00,2015,9,37,7,Monday,3,September
9/8/2015 0:00,2015,9,37,8,Tuesday,3,September
9/9/2015 0:00,2015,9,37,9,Wednesday,3,September
9/10/2015 0:00,2015,9,37,10,Thursday,3,September
9/11/2015 0:00,2015,9,37,11,Friday,3,September
9/12/2015 0:00,2015,9,37,12,Saturday,3,September
9/13/2015 0:00,2015,9,38,13,Sunday,3,September
9/14/2015 0:00,2015,9,38,14,Monday,3,September
9/15/2015 0:00,2015,9,38,15,Tuesday,3,September
9/16/2015 0:00,2015,9,38,16,Wednesday,3,September
9/17/2015 0:00,2015,9,38,17,Thursday,3,September
9/18/2015 0:00,2015,9,38,18,Friday,3,September
9/19/2015 0:00,2015,9,38,19,Saturday,3,September
9/20/2015 0:00,2015,9,39,20,Sunday,3,September
9/21/2015 0:00,2015,9,39,21,Monday,3,September
9/22/2015 0:00,2015,9,39,22,Tuesday,3,September
9/23/2015 0:00,2015,9,39,23,Wednesday,3,September
9/24/2015 0:00,2015,9,39,24,Thursday,3,September
9/25/2015 0:00,2015,9,39,25,Friday,3,September
9/26/2015 0:00,2015,9,39,26,Saturday,3,September
9/27/2015 0:00,2015,9,40,27,Sunday,3,September
9/28/2015 0:00,2015,9,40,28,Monday,3,September
9/29/2015 0:00,2015,9,40,29,Tuesday,3,September
9/30/2015 0:00,2015,9,40,30,Wednesday,3,September
4/1/2015 0:00,2015,4,14,1,Wednesday,2,April
4/2/2015 0:00,2015,4,14,2,Thursday,2,April
4/3/2015 0:00,2015,4,14,3,Friday,2,April
4/4/2015 0:00,2015,4,14,4,Saturday,2,April
4/5/2015 0:00,2015,4,15,5,Sunday,2,April
4/6/2015 0:00,2015,4,15,6,Monday,2,April
4/7/2015 0:00,2015,4,15,7,Tuesday,2,April
4/8/2015 0:00,2015,4,15,8,Wednesday,2,April
4/9/2015 0:00,2015,4,15,9,Thursday,2,April
4/10/2015 0:00,2015,4,15,10,Friday,2,April
4/11/2015 0:00,2015,4,15,11,Saturday,2,April
4/12/2015 0:00,2015,4,16,12,Sunday,2,April
4/13/2015 0:00,2015,4,16,13,Monday,2,April
4/14/2015 0:00,2015,4,16,14,Tuesday,2,April
4/15/2015 0:00,2015,4,16,15,Wednesday,2,April
4/16/2015 0:00,2015,4,16,16,Thursday,2,April
4/17/2015 0:00,2015,4,16,17,Friday,2,April
4/18/2015 0:00,2015,4,16,18,Saturday,2,April
4/19/2015 0:00,2015,4,17,19,Sunday,2,April
4/20/2015 0:00,2015,4,17,20,Monday,2,April
4/21/2015 0:00,2015,4,17,21,Tuesday,2,April
4/22/2015 0:00,2015,4,17,22,Wednesday,2,April
4/23/2015 0:00,2015,4,17,23,Thursday,2,April
4/24/2015 0:00,2015,4,17,24,Friday,2,April
4/25/2015 0:00,2015,4,17,25,Saturday,2,April
4/26/2015 0:00,2015,4,18,26,Sunday,2,April
4/27/2015 0:00,2015,4,18,27,Monday,2,April
4/28/2015 0:00,2015,4,18,28,Tuesday,2,April
4/29/2015 0:00,2015,4,18,29,Wednesday,2,April
4/30/2015 0:00,2015,4,18,30,Thursday,2,April
5/1/2015 0:00,2015,5,18,1,Friday,2,May
5/2/2015 0:00,2015,5,18,2,Saturday,2,May
5/3/2015 0:00,2015,5,19,3,Sunday,2,May
5/4/2015 0:00,2015,5,19,4,Monday,2,May
5/5/2015 0:00,2015,5,19,5,Tuesday,2,May
5/6/2015 0:00,2015,5,19,6,Wednesday,2,May
5/7/2015 0:00,2015,5,19,7,Thursday,2,May
5/8/2015 0:00,2015,5,19,8,Friday,2,May
5/9/2015 0:00,2015,5,19,9,Saturday,2,May
5/10/2015 0:00,2015,5,20,10,Sunday,2,May
5/11/2015 0:00,2015,5,20,11,Monday,2,May
5/12/2015 0:00,2015,5,20,12,Tuesday,2,May
5/13/2015 0:00,2015,5,20,13,Wednesday,2,May
5/14/2015 0:00,2015,5,20,14,Thursday,2,May
5/15/2015 0:00,2015,5,20,15,Friday,2,May
5/16/2015 0:00,2015,5,20,16,Saturday,2,May
5/17/2015 0:00,2015,5,21,17,Sunday,2,May
5/18/2015 0:00,2015,5,21,18,Monday,2,May
5/19/2015 0:00,2015,5,21,19,Tuesday,2,May
5/20/2015 0:00,2015,5,21,20,Wednesday,2,May
5/21/2015 0:00,2015,5,21,21,Thursday,2,May
5/22/2015 0:00,2015,5,21,22,Friday,2,May
5/23/2015 0:00,2015,5,21,23,Saturday,2,May
5/24/2015 0:00,2015,5,22,24,Sunday,2,May
5/25/2015 0:00,2015,5,22,25,Monday,2,May
5/26/2015 0:00,2015,5,22,26,Tuesday,2,May
5/27/2015 0:00,2015,5,22,27,Wednesday,2,May
5/28/2015 0:00,2015,5,22,28,Thursday,2,May
5/29/2015 0:00,2015,5,22,29,Friday,2,May
5/30/2015 0:00,2015,5,22,30,Saturday,2,May
5/31/2015 0:00,2015,5,23,31,Sunday,2,May
6/1/2015 0:00,2015,6,23,1,Monday,2,June
6/2/2015 0:00,2015,6,23,2,Tuesday,2,June
6/3/2015 0:00,2015,6,23,3,Wednesday,2,June
6/4/2015 0:00,2015,6,23,4,Thursday,2,June
6/5/2015 0:00,2015,6,23,5,Friday,2,June
6/6/2015 0:00,2015,6,23,6,Saturday,2,June
6/7/2015 0:00,2015,6,24,7,Sunday,2,June
6/8/2015 0:00,2015,6,24,8,Monday,2,June
6/9/2015 0:00,2015,6,24,9,Tuesday,2,June
6/10/2015 0:00,2015,6,24,10,Wednesday,2,June
6/11/2015 0:00,2015,6,24,11,Thursday,2,June
6/12/2015 0:00,2015,6,24,12,Friday,2,June
6/13/2015 0:00,2015,6,24,13,Saturday,2,June
6/14/2015 0:00,2015,6,25,14,Sunday,2,June
6/15/2015 0:00,2015,6,25,15,Monday,2,June
6/16/2015 0:00,2015,6,25,16,Tuesday,2,June
6/17/2015 0:00,2015,6,25,17,Wednesday,2,June
6/18/2015 0:00,2015,6,25,18,Thursday,2,June
6/19/2015 0:00,2015,6,25,19,Friday,2,June
6/20/2015 0:00,2015,6,25,20,Saturday,2,June
6/21/2015 0:00,2015,6,26,21,Sunday,2,June
6/22/2015 0:00,2015,6,26,22,Monday,2,June
6/23/2015 0:00,2015,6,26,23,Tuesday,2,June
6/24/2015 0:00,2015,6,26,24,Wednesday,2,June
6/25/2015 0:00,2015,6,26,25,Thursday,2,June
6/26/2015 0:00,2015,6,26,26,Friday,2,June
6/27/2015 0:00,2015,6,26,27,Saturday,2,June
6/28/2015 0:00,2015,6,27,28,Sunday,2,June
6/29/2015 0:00,2015,6,27,29,Monday,2,June
6/30/2015 0:00,2015,6,27,30,Tuesday,2,June
10/1/2015 0:00,2015,10,40,1,Thursday,4,October
10/2/2015 0:00,2015,10,40,2,Friday,4,October
10/3/2015 0:00,2015,10,40,3,Saturday,4,October
10/4/2015 0:00,2015,10,41,4,Sunday,4,October
10/5/2015 0:00,2015,10,41,5,Monday,4,October
10/6/2015 0:00,2015,10,41,6,Tuesday,4,October
10/7/2015 0:00,2015,10,41,7,Wednesday,4,October
10/8/2015 0:00,2015,10,41,8,Thursday,4,October
10/9/2015 0:00,2015,10,41,9,Friday,4,October
10/10/2015 0:00,2015,10,41,10,Saturday,4,October
10/11/2015 0:00,2015,10,42,11,Sunday,4,October
10/12/2015 0:00,2015,10,42,12,Monday,4,October
10/13/2015 0:00,2015,10,42,13,Tuesday,4,October
10/14/2015 0:00,2015,10,42,14,Wednesday,4,October
10/15/2015 0:00,2015,10,42,15,Thursday,4,October
10/16/2015 0:00,2015,10,42,16,Friday,4,October
10/17/2015 0:00,2015,10,42,17,Saturday,4,October
10/18/2015 0:00,2015,10,43,18,Sunday,4,October
10/19/2015 0:00,2015,10,43,19,Monday,4,October
10/20/2015 0:00,2015,10,43,20,Tuesday,4,October
10/21/2015 0:00,2015,10,43,21,Wednesday,4,October
10/22/2015 0:00,2015,10,43,22,Thursday,4,October
10/23/2015 0:00,2015,10,43,23,Friday,4,October
10/24/2015 0:00,2015,10,43,24,Saturday,4,October
10/25/2015 0:00,2015,10,44,25,Sunday,4,October
10/26/2015 0:00,2015,10,44,26,Monday,4,October
10/27/2015 0:00,2015,10,44,27,Tuesday,4,October
10/28/2015 0:00,2015,10,44,28,Wednesday,4,October
10/29/2015 0:00,2015,10,44,29,Thursday,4,October
10/30/2015 0:00,2015,10,44,30,Friday,4,October
10/31/2015 0:00,2015,10,44,31,Saturday,4,October
11/1/2015 0:00,2015,11,45,1,Sunday,4,November
11/2/2015 0:00,2015,11,45,2,Monday,4,November
11/3/2015 0:00,2015,11,45,3,Tuesday,4,November
11/4/2015 0:00,2015,11,45,4,Wednesday,4,November
11/5/2015 0:00,2015,11,45,5,Thursday,4,November
11/6/2015 0:00,2015,11,45,6,Friday,4,November
11/7/2015 0:00,2015,11,45,7,Saturday,4,November
11/8/2015 0:00,2015,11,46,8,Sunday,4,November
11/9/2015 0:00,2015,11,46,9,Monday,4,November
11/10/2015 0:00,2015,11,46,10,Tuesday,4,November
11/11/2015 0:00,2015,11,46,11,Wednesday,4,November
11/12/2015 0:00,2015,11,46,12,Thursday,4,November
11/13/2015 0:00,2015,11,46,13,Friday,4,November
11/14/2015 0:00,2015,11,46,14,Saturday,4,November
11/15/2015 0:00,2015,11,47,15,Sunday,4,November
11/16/2015 0:00,2015,11,47,16,Monday,4,November
11/17/2015 0:00,2015,11,47,17,Tuesday,4,November
11/18/2015 0:00,2015,11,47,18,Wednesday,4,November
11/19/2015 0:00,2015,11,47,19,Thursday,4,November
11/20/2015 0:00,2015,11,47,20,Friday,4,November
11/21/2015 0:00,2015,11,47,21,Saturday,4,November
11/22/2015 0:00,2015,11,48,22,Sunday,4,November
11/23/2015 0:00,2015,11,48,23,Monday,4,November
11/24/2015 0:00,2015,11,48,24,Tuesday,4,November
11/25/2015 0:00,2015,11,48,25,Wednesday,4,November
11/26/2015 0:00,2015,11,48,26,Thursday,4,November
11/27/2015 0:00,2015,11,48,27,Friday,4,November
11/28/2015 0:00,2015,11,48,28,Saturday,4,November
11/29/2015 0:00,2015,11,49,29,Sunday,4,November
11/30/2015 0:00,2015,11,49,30,Monday,4,November
12/1/2015 0:00,2015,12,49,1,Tuesday,4,December
12/2/2015 0:00,2015,12,49,2,Wednesday,4,December
12/3/2015 0:00,2015,12,49,3,Thursday,4,December
12/4/2015 0:00,2015,12,49,4,Friday,4,December
12/5/2015 0:00,2015,12,49,5,Saturday,4,December
12/6/2015 0:00,2015,12,50,6,Sunday,4,December
12/7/2015 0:00,2015,12,50,7,Monday,4,December
12/8/2015 0:00,2015,12,50,8,Tuesday,4,December
12/9/2015 0:00,2015,12,50,9,Wednesday,4,December
12/10/2015 0:00,2015,12,50,10,Thursday,4,December
12/11/2015 0:00,2015,12,50,11,Friday,4,December
12/12/2015 0:00,2015,12,50,12,Saturday,4,December
12/13/2015 0:00,2015,12,51,13,Sunday,4,December
12/14/2015 0:00,2015,12,51,14,Monday,4,December
12/15/2015 0:00,2015,12,51,15,Tuesday,4,December
12/16/2015 0:00,2015,12,51,16,Wednesday,4,December
12/17/2015 0:00,2015,12,51,17,Thursday,4,December
12/18/2015 0:00,2015,12,51,18,Friday,4,December
12/19/2015 0:00,2015,12,51,19,Saturday,4,December
12/20/2015 0:00,2015,12,52,20,Sunday,4,December
12/21/2015 0:00,2015,12,52,21,Monday,4,December
12/22/2015 0:00,2015,12,52,22,Tuesday,4,December
12/23/2015 0:00,2015,12,52,23,Wednesday,4,December
12/24/2015 0:00,2015,12,52,24,Thursday,4,December
12/25/2015 0:00,2015,12,52,25,Friday,4,December
12/26/2015 0:00,2015,12,52,26,Saturday,4,December
12/27/2015 0:00,2015,12,53,27,Sunday,4,December
12/28/2015 0:00,2015,12,53,28,Monday,4,December
12/29/2015 0:00,2015,12,53,29,Tuesday,4,December
12/30/2015 0:00,2015,12,53,30,Wednesday,4,December
12/31/2015 0:00,2015,12,53,31,Thursday,4,December
1/1/2015 0:00,2015,1,1,1,Thursday,1,January
1/2/2015 0:00,2015,1,1,2,Friday,1,January
1/3/2015 0:00,2015,1,1,3,Saturday,1,January
1/4/2015 0:00,2015,1,2,4,Sunday,1,January
1/5/2015 0:00,2015,1,2,5,Monday,1,January
1/6/2015 0:00,2015,1,2,6,Tuesday,1,January
1/7/2015 0:00,2015,1,2,7,Wednesday,1,January
1/8/2015 0:00,2015,1,2,8,Thursday,1,January
1/9/2015 0:00,2015,1,2,9,Friday,1,January
1/10/2015 0:00,2015,1,2,10,Saturday,1,January
1/11/2015 0:00,2015,1,3,11,Sunday,1,January
1/12/2015 0:00,2015,1,3,12,Monday,1,January
1/13/2015 0:00,2015,1,3,13,Tuesday,1,January
1/14/2015 0:00,2015,1,3,14,Wednesday,1,January
1/15/2015 0:00,2015,1,3,15,Thursday,1,January
1/16/2015 0:00,2015,1,3,16,Friday,1,January
1/17/2015 0:00,2015,1,3,17,Saturday,1,January
1/18/2015 0:00,2015,1,4,18,Sunday,1,January
1/19/2015 0:00,2015,1,4,19,Monday,1,January
1/20/2015 0:00,2015,1,4,20,Tuesday,1,January
1/21/2015 0:00,2015,1,4,21,Wednesday,1,January
1/22/2015 0:00,2015,1,4,22,Thursday,1,January
1/23/2015 0:00,2015,1,4,23,Friday,1,January
1/24/2015 0:00,2015,1,4,24,Saturday,1,January
1/25/2015 0:00,2015,1,5,25,Sunday,1,January
1/26/2015 0:00,2015,1,5,26,Monday,1,January
1/27/2015 0:00,2015,1,5,27,Tuesday,1,January
1/28/2015 0:00,2015,1,5,28,Wednesday,1,January
1/29/2015 0:00,2015,1,5,29,Thursday,1,January
1/30/2015 0:00,2015,1,5,30,Friday,1,January
1/31/2015 0:00,2015,1,5,31,Saturday,1,January
2/1/2015 0:00,2015,2,6,1,Sunday,1,February
2/2/2015 0:00,2015,2,6,2,Monday,1,February
2/3/2015 0:00,2015,2,6,3,Tuesday,1,February
2/4/2015 0:00,2015,2,6,4,Wednesday,1,February
2/5/2015 0:00,2015,2,6,5,Thursday,1,February
2/6/2015 0:00,2015,2,6,6,Friday,1,February
2/7/2015 0:00,2015,2,6,7,Saturday,1,February
2/8/2015 0:00,2015,2,7,8,Sunday,1,February
2/9/2015 0:00,2015,2,7,9,Monday,1,February
2/10/2015 0:00,2015,2,7,10,Tuesday,1,February
2/11/2015 0:00,2015,2,7,11,Wednesday,1,February
2/12/2015 0:00,2015,2,7,12,Thursday,1,February
2/13/2015 0:00,2015,2,7,13,Friday,1,February
2/14/2015 0:00,2015,2,7,14,Saturday,1,February
2/15/2015 0:00,2015,2,8,15,Sunday,1,February
2/16/2015 0:00,2015,2,8,16,Monday,1,February
2/17/2015 0:00,2015,2,8,17,Tuesday,1,February
2/18/2015 0:00,2015,2,8,18,Wednesday,1,February
2/19/2015 0:00,2015,2,8,19,Thursday,1,February
2/20/2015 0:00,2015,2,8,20,Friday,1,February
2/21/2015 0:00,2015,2,8,21,Saturday,1,February
2/22/2015 0:00,2015,2,9,22,Sunday,1,February
2/23/2015 0:00,2015,2,9,23,Monday,1,February
2/24/2015 0:00,2015,2,9,24,Tuesday,1,February
2/25/2015 0:00,2015,2,9,25,Wednesday,1,February
2/26/2015 0:00,2015,2,9,26,Thursday,1,February
2/27/2015 0:00,2015,2,9,27,Friday,1,February
2/28/2015 0:00,2015,2,9,28,Saturday,1,February
3/1/2015 0:00,2015,3,10,1,Sunday,1,March
3/2/2015 0:00,2015,3,10,2,Monday,1,March
3/3/2015 0:00,2015,3,10,3,Tuesday,1,March
3/4/2015 0:00,2015,3,10,4,Wednesday,1,March
3/5/2015 0:00,2015,3,10,5,Thursday,1,March
3/6/2015 0:00,2015,3,10,6,Friday,1,March
3/7/2015 0:00,2015,3,10,7,Saturday,1,March
3/8/2015 0:00,2015,3,11,8,Sunday,1,March
3/9/2015 0:00,2015,3,11,9,Monday,1,March
3/10/2015 0:00,2015,3,11,10,Tuesday,1,March
3/11/2015 0:00,2015,3,11,11,Wednesday,1,March
3/12/2015 0:00,2015,3,11,12,Thursday,1,March
3/13/2015 0:00,2015,3,11,13,Friday,1,March
3/14/2015 0:00,2015,3,11,14,Saturday,1,March
3/15/2015 0:00,2015,3,12,15,Sunday,1,March
3/16/2015 0:00,2015,3,12,16,Monday,1,March
3/17/2015 0:00,2015,3,12,17,Tuesday,1,March
3/18/2015 0:00,2015,3,12,18,Wednesday,1,March
3/19/2015 0:00,2015,3,12,19,Thursday,1,March
3/20/2015 0:00,2015,3,12,20,Friday,1,March
3/21/2015 0:00,2015,3,12,21,Saturday,1,March
3/22/2015 0:00,2015,3,13,22,Sunday,1,March
3/23/2015 0:00,2015,3,13,23,Monday,1,March
3/24/2015 0:00,2015,3,13,24,Tuesday,1,March
3/25/2015 0:00,2015,3,13,25,Wednesday,1,March
3/26/2015 0:00,2015,3,13,26,Thursday,1,March
3/27/2015 0:00,2015,3,13,27,Friday,1,March
3/28/2015 0:00,2015,3,13,28,Saturday,1,March
3/29/2015 0:00,2015,3,14,29,Sunday,1,March
3/30/2015 0:00,2015,3,14,30,Monday,1,March
3/31/2015 0:00,2015,3,14,31,Tuesday,1,March
1/1/2017 0:00,2017,1,1,1,Sunday,1,January
1/2/2017 0:00,2017,1,1,2,Monday,1,January
1/3/2017 0:00,2017,1,1,3,Tuesday,1,January
1/4/2017 0:00,2017,1,1,4,Wednesday,1,January
1/5/2017 0:00,2017,1,1,5,Thursday,1,January
1/6/2017 0:00,2017,1,1,6,Friday,1,January
1/7/2017 0:00,2017,1,1,7,Saturday,1,January
1/8/2017 0:00,2017,1,2,8,Sunday,1,January
1/9/2017 0:00,2017,1,2,9,Monday,1,January
1/10/2017 0:00,2017,1,2,10,Tuesday,1,January
1/11/2017 0:00,2017,1,2,11,Wednesday,1,January
1/12/2017 0:00,2017,1,2,12,Thursday,1,January
1/13/2017 0:00,2017,1,2,13,Friday,1,January
1/14/2017 0:00,2017,1,2,14,Saturday,1,January
1/15/2017 0:00,2017,1,3,15,Sunday,1,January
1/16/2017 0:00,2017,1,3,16,Monday,1,January
1/17/2017 0:00,2017,1,3,17,Tuesday,1,January
1/18/2017 0:00,2017,1,3,18,Wednesday,1,January
1/19/2017 0:00,2017,1,3,19,Thursday,1,January
1/20/2017 0:00,2017,1,3,20,Friday,1,January
1/21/2017 0:00,2017,1,3,21,Saturday,1,January
1/22/2017 0:00,2017,1,4,22,Sunday,1,January
1/23/2017 0:00,2017,1,4,23,Monday,1,January
1/24/2017 0:00,2017,1,4,24,Tuesday,1,January
1/25/2017 0:00,2017,1,4,25,Wednesday,1,January
1/26/2017 0:00,2017,1,4,26,Thursday,1,January
1/27/2017 0:00,2017,1,4,27,Friday,1,January
1/28/2017 0:00,2017,1,4,28,Saturday,1,January
1/29/2017 0:00,2017,1,5,29,Sunday,1,January
1/30/2017 0:00,2017,1,5,30,Monday,1,January
1/31/2017 0:00,2017,1,5,31,Tuesday,1,January
2/1/2017 0:00,2017,2,5,1,Wednesday,1,February
2/2/2017 0:00,2017,2,5,2,Thursday,1,February
2/3/2017 0:00,2017,2,5,3,Friday,1,February
2/4/2017 0:00,2017,2,5,4,Saturday,1,February
2/5/2017 0:00,2017,2,6,5,Sunday,1,February
2/6/2017 0:00,2017,2,6,6,Monday,1,February
2/7/2017 0:00,2017,2,6,7,Tuesday,1,February
2/8/2017 0:00,2017,2,6,8,Wednesday,1,February
2/9/2017 0:00,2017,2,6,9,Thursday,1,February
2/10/2017 0:00,2017,2,6,10,Friday,1,February
2/11/2017 0:00,2017,2,6,11,Saturday,1,February
2/12/2017 0:00,2017,2,7,12,Sunday,1,February
2/13/2017 0:00,2017,2,7,13,Monday,1,February
2/14/2017 0:00,2017,2,7,14,Tuesday,1,February
2/15/2017 0:00,2017,2,7,15,Wednesday,1,February
2/16/2017 0:00,2017,2,7,16,Thursday,1,February
2/17/2017 0:00,2017,2,7,17,Friday,1,February
2/18/2017 0:00,2017,2,7,18,Saturday,1,February
2/19/2017 0:00,2017,2,8,19,Sunday,1,February
2/20/2017 0:00,2017,2,8,20,Monday,1,February
2/21/2017 0:00,2017,2,8,21,Tuesday,1,February
2/22/2017 0:00,2017,2,8,22,Wednesday,1,February
2/23/2017 0:00,2017,2,8,23,Thursday,1,February
2/24/2017 0:00,2017,2,8,24,Friday,1,February
2/25/2017 0:00,2017,2,8,25,Saturday,1,February
2/26/2017 0:00,2017,2,9,26,Sunday,1,February
2/27/2017 0:00,2017,2,9,27,Monday,1,February
2/28/2017 0:00,2017,2,9,28,Tuesday,1,February
3/1/2017 0:00,2017,3,9,1,Wednesday,1,March
3/2/2017 0:00,2017,3,9,2,Thursday,1,March
3/3/2017 0:00,2017,3,9,3,Friday,1,March
3/4/2017 0:00,2017,3,9,4,Saturday,1,March
3/5/2017 0:00,2017,3,10,5,Sunday,1,March
3/6/2017 0:00,2017,3,10,6,Monday,1,March
3/7/2017 0:00,2017,3,10,7,Tuesday,1,March
3/8/2017 0:00,2017,3,10,8,Wednesday,1,March
3/9/2017 0:00,2017,3,10,9,Thursday,1,March
3/10/2017 0:00,2017,3,10,10,Friday,1,March
3/11/2017 0:00,2017,3,10,11,Saturday,1,March
3/12/2017 0:00,2017,3,11,12,Sunday,1,March
3/13/2017 0:00,2017,3,11,13,Monday,1,March
3/14/2017 0:00,2017,3,11,14,Tuesday,1,March
3/15/2017 0:00,2017,3,11,15,Wednesday,1,March
3/16/2017 0:00,2017,3,11,16,Thursday,1,March
3/17/2017 0:00,2017,3,11,17,Friday,1,March
3/18/2017 0:00,2017,3,11,18,Saturday,1,March
3/19/2017 0:00,2017,3,12,19,Sunday,1,March
3/20/2017 0:00,2017,3,12,20,Monday,1,March
3/21/2017 0:00,2017,3,12,21,Tuesday,1,March
3/22/2017 0:00,2017,3,12,22,Wednesday,1,March
3/23/2017 0:00,2017,3,12,23,Thursday,1,March
3/24/2017 0:00,2017,3,12,24,Friday,1,March
3/25/2017 0:00,2017,3,12,25,Saturday,1,March
3/26/2017 0:00,2017,3,13,26,Sunday,1,March
3/27/2017 0:00,2017,3,13,27,Monday,1,March
3/28/2017 0:00,2017,3,13,28,Tuesday,1,March
3/29/2017 0:00,2017,3,13,29,Wednesday,1,March
3/30/2017 0:00,2017,3,13,30,Thursday,1,March
3/31/2017 0:00,2017,3,13,31,Friday,1,March
10/1/2017 0:00,2017,10,40,1,Sunday,4,October
10/2/2017 0:00,2017,10,40,2,Monday,4,October
10/3/2017 0:00,2017,10,40,3,Tuesday,4,October
10/4/2017 0:00,2017,10,40,4,Wednesday,4,October
10/5/2017 0:00,2017,10,40,5,Thursday,4,October
10/6/2017 0:00,2017,10,40,6,Friday,4,October
10/7/2017 0:00,2017,10,40,7,Saturday,4,October
10/8/2017 0:00,2017,10,41,8,Sunday,4,October
10/9/2017 0:00,2017,10,41,9,Monday,4,October
10/10/2017 0:00,2017,10,41,10,Tuesday,4,October
10/11/2017 0:00,2017,10,41,11,Wednesday,4,October
10/12/2017 0:00,2017,10,41,12,Thursday,4,October
10/13/2017 0:00,2017,10,41,13,Friday,4,October
10/14/2017 0:00,2017,10,41,14,Saturday,4,October
10/15/2017 0:00,2017,10,42,15,Sunday,4,October
10/16/2017 0:00,2017,10,42,16,Monday,4,October
10/17/2017 0:00,2017,10,42,17,Tuesday,4,October
10/18/2017 0:00,2017,10,42,18,Wednesday,4,October
10/19/2017 0:00,2017,10,42,19,Thursday,4,October
10/20/2017 0:00,2017,10,42,20,Friday,4,October
10/21/2017 0:00,2017,10,42,21,Saturday,4,October
10/22/2017 0:00,2017,10,43,22,Sunday,4,October
10/23/2017 0:00,2017,10,43,23,Monday,4,October
10/24/2017 0:00,2017,10,43,24,Tuesday,4,October
10/25/2017 0:00,2017,10,43,25,Wednesday,4,October
10/26/2017 0:00,2017,10,43,26,Thursday,4,October
10/27/2017 0:00,2017,10,43,27,Friday,4,October
10/28/2017 0:00,2017,10,43,28,Saturday,4,October
10/29/2017 0:00,2017,10,44,29,Sunday,4,October
10/30/2017 0:00,2017,10,44,30,Monday,4,October
10/31/2017 0:00,2017,10,44,31,Tuesday,4,October
11/1/2017 0:00,2017,11,44,1,Wednesday,4,November
11/2/2017 0:00,2017,11,44,2,Thursday,4,November
11/3/2017 0:00,2017,11,44,3,Friday,4,November
11/4/2017 0:00,2017,11,44,4,Saturday,4,November
11/5/2017 0:00,2017,11,45,5,Sunday,4,November
11/6/2017 0:00,2017,11,45,6,Monday,4,November
11/7/2017 0:00,2017,11,45,7,Tuesday,4,November
11/8/2017 0:00,2017,11,45,8,Wednesday,4,November
11/9/2017 0:00,2017,11,45,9,Thursday,4,November
11/10/2017 0:00,2017,11,45,10,Friday,4,November
11/11/2017 0:00,2017,11,45,11,Saturday,4,November
11/12/2017 0:00,2017,11,46,12,Sunday,4,November
11/13/2017 0:00,2017,11,46,13,Monday,4,November
11/14/2017 0:00,2017,11,46,14,Tuesday,4,November
11/15/2017 0:00,2017,11,46,15,Wednesday,4,November
11/16/2017 0:00,2017,11,46,16,Thursday,4,November
11/17/2017 0:00,2017,11,46,17,Friday,4,November
11/18/2017 0:00,2017,11,46,18,Saturday,4,November
11/19/2017 0:00,2017,11,47,19,Sunday,4,November
11/20/2017 0:00,2017,11,47,20,Monday,4,November
11/21/2017 0:00,2017,11,47,21,Tuesday,4,November
11/22/2017 0:00,2017,11,47,22,Wednesday,4,November
11/23/2017 0:00,2017,11,47,23,Thursday,4,November
11/24/2017 0:00,2017,11,47,24,Friday,4,November
11/25/2017 0:00,2017,11,47,25,Saturday,4,November
11/26/2017 0:00,2017,11,48,26,Sunday,4,November
11/27/2017 0:00,2017,11,48,27,Monday,4,November
11/28/2017 0:00,2017,11,48,28,Tuesday,4,November
11/29/2017 0:00,2017,11,48,29,Wednesday,4,November
11/30/2017 0:00,2017,11,48,30,Thursday,4,November
12/1/2017 0:00,2017,12,48,1,Friday,4,December
12/2/2017 0:00,2017,12,48,2,Saturday,4,December
12/3/2017 0:00,2017,12,49,3,Sunday,4,December
12/4/2017 0:00,2017,12,49,4,Monday,4,December
12/5/2017 0:00,2017,12,49,5,Tuesday,4,December
12/6/2017 0:00,2017,12,49,6,Wednesday,4,December
12/7/2017 0:00,2017,12,49,7,Thursday,4,December
12/8/2017 0:00,2017,12,49,8,Friday,4,December
12/9/2017 0:00,2017,12,49,9,Saturday,4,December
12/10/2017 0:00,2017,12,50,10,Sunday,4,December
12/11/2017 0:00,2017,12,50,11,Monday,4,December
12/12/2017 0:00,2017,12,50,12,Tuesday,4,December
12/13/2017 0:00,2017,12,50,13,Wednesday,4,December
12/14/2017 0:00,2017,12,50,14,Thursday,4,December
12/15/2017 0:00,2017,12,50,15,Friday,4,December
12/16/2017 0:00,2017,12,50,16,Saturday,4,December
12/17/2017 0:00,2017,12,51,17,Sunday,4,December
12/18/2017 0:00,2017,12,51,18,Monday,4,December
12/19/2017 0:00,2017,12,51,19,Tuesday,4,December
12/20/2017 0:00,2017,12,51,20,Wednesday,4,December
12/21/2017 0:00,2017,12,51,21,Thursday,4,December
12/22/2017 0:00,2017,12,51,22,Friday,4,December
12/23/2017 0:00,2017,12,51,23,Saturday,4,December
12/24/2017 0:00,2017,12,52,24,Sunday,4,December
12/25/2017 0:00,2017,12,52,25,Monday,4,December
12/26/2017 0:00,2017,12,52,26,Tuesday,4,December
12/27/2017 0:00,2017,12,52,27,Wednesday,4,December
12/28/2017 0:00,2017,12,52,28,Thursday,4,December
12/29/2017 0:00,2017,12,52,29,Friday,4,December
12/30/2017 0:00,2017,12,52,30,Saturday,4,December
12/31/2017 0:00,2017,12,53,31,Sunday,4,December
4/1/2017 0:00,2017,4,13,1,Saturday,2,April
4/2/2017 0:00,2017,4,14,2,Sunday,2,April
4/3/2017 0:00,2017,4,14,3,Monday,2,April
4/4/2017 0:00,2017,4,14,4,Tuesday,2,April
4/5/2017 0:00,2017,4,14,5,Wednesday,2,April
4/6/2017 0:00,2017,4,14,6,Thursday,2,April
4/7/2017 0:00,2017,4,14,7,Friday,2,April
4/8/2017 0:00,2017,4,14,8,Saturday,2,April
4/9/2017 0:00,2017,4,15,9,Sunday,2,April
4/10/2017 0:00,2017,4,15,10,Monday,2,April
4/11/2017 0:00,2017,4,15,11,Tuesday,2,April
4/12/2017 0:00,2017,4,15,12,Wednesday,2,April
4/13/2017 0:00,2017,4,15,13,Thursday,2,April
4/14/2017 0:00,2017,4,15,14,Friday,2,April
4/15/2017 0:00,2017,4,15,15,Saturday,2,April
4/16/2017 0:00,2017,4,16,16,Sunday,2,April
4/17/2017 0:00,2017,4,16,17,Monday,2,April
4/18/2017 0:00,2017,4,16,18,Tuesday,2,April
4/19/2017 0:00,2017,4,16,19,Wednesday,2,April
4/20/2017 0:00,2017,4,16,20,Thursday,2,April
4/21/2017 0:00,2017,4,16,21,Friday,2,April
4/22/2017 0:00,2017,4,16,22,Saturday,2,April
4/23/2017 0:00,2017,4,17,23,Sunday,2,April
4/24/2017 0:00,2017,4,17,24,Monday,2,April
4/25/2017 0:00,2017,4,17,25,Tuesday,2,April
4/26/2017 0:00,2017,4,17,26,Wednesday,2,April
4/27/2017 0:00,2017,4,17,27,Thursday,2,April
4/28/2017 0:00,2017,4,17,28,Friday,2,April
4/29/2017 0:00,2017,4,17,29,Saturday,2,April
4/30/2017 0:00,2017,4,18,30,Sunday,2,April
5/1/2017 0:00,2017,5,18,1,Monday,2,May
5/2/2017 0:00,2017,5,18,2,Tuesday,2,May
5/3/2017 0:00,2017,5,18,3,Wednesday,2,May
5/4/2017 0:00,2017,5,18,4,Thursday,2,May
5/5/2017 0:00,2017,5,18,5,Friday,2,May
5/6/2017 0:00,2017,5,18,6,Saturday,2,May
5/7/2017 0:00,2017,5,19,7,Sunday,2,May
5/8/2017 0:00,2017,5,19,8,Monday,2,May
5/9/2017 0:00,2017,5,19,9,Tuesday,2,May
5/10/2017 0:00,2017,5,19,10,Wednesday,2,May
5/11/2017 0:00,2017,5,19,11,Thursday,2,May
5/12/2017 0:00,2017,5,19,12,Friday,2,May
5/13/2017 0:00,2017,5,19,13,Saturday,2,May
5/14/2017 0:00,2017,5,20,14,Sunday,2,May
5/15/2017 0:00,2017,5,20,15,Monday,2,May
5/16/2017 0:00,2017,5,20,16,Tuesday,2,May
5/17/2017 0:00,2017,5,20,17,Wednesday,2,May
5/18/2017 0:00,2017,5,20,18,Thursday,2,May
5/19/2017 0:00,2017,5,20,19,Friday,2,May
5/20/2017 0:00,2017,5,20,20,Saturday,2,May
5/21/2017 0:00,2017,5,21,21,Sunday,2,May
5/22/2017 0:00,2017,5,21,22,Monday,2,May
5/23/2017 0:00,2017,5,21,23,Tuesday,2,May
5/24/2017 0:00,2017,5,21,24,Wednesday,2,May
5/25/2017 0:00,2017,5,21,25,Thursday,2,May
5/26/2017 0:00,2017,5,21,26,Friday,2,May
5/27/2017 0:00,2017,5,21,27,Saturday,2,May
5/28/2017 0:00,2017,5,22,28,Sunday,2,May
5/29/2017 0:00,2017,5,22,29,Monday,2,May
5/30/2017 0:00,2017,5,22,30,Tuesday,2,May
5/31/2017 0:00,2017,5,22,31,Wednesday,2,May
6/1/2017 0:00,2017,6,22,1,Thursday,2,June
6/2/2017 0:00,2017,6,22,2,Friday,2,June
6/3/2017 0:00,2017,6,22,3,Saturday,2,June
6/4/2017 0:00,2017,6,23,4,Sunday,2,June
6/5/2017 0:00,2017,6,23,5,Monday,2,June
6/6/2017 0:00,2017,6,23,6,Tuesday,2,June
6/7/2017 0:00,2017,6,23,7,Wednesday,2,June
6/8/2017 0:00,2017,6,23,8,Thursday,2,June
6/9/2017 0:00,2017,6,23,9,Friday,2,June
6/10/2017 0:00,2017,6,23,10,Saturday,2,June
6/11/2017 0:00,2017,6,24,11,Sunday,2,June
6/12/2017 0:00,2017,6,24,12,Monday,2,June
6/13/2017 0:00,2017,6,24,13,Tuesday,2,June
6/14/2017 0:00,2017,6,24,14,Wednesday,2,June
6/15/2017 0:00,2017,6,24,15,Thursday,2,June
6/16/2017 0:00,2017,6,24,16,Friday,2,June
6/17/2017 0:00,2017,6,24,17,Saturday,2,June
6/18/2017 0:00,2017,6,25,18,Sunday,2,June
6/19/2017 0:00,2017,6,25,19,Monday,2,June
6/20/2017 0:00,2017,6,25,20,Tuesday,2,June
6/21/2017 0:00,2017,6,25,21,Wednesday,2,June
6/22/2017 0:00,2017,6,25,22,Thursday,2,June
6/23/2017 0:00,2017,6,25,23,Friday,2,June
6/24/2017 0:00,2017,6,25,24,Saturday,2,June
6/25/2017 0:00,2017,6,26,25,Sunday,2,June
6/26/2017 0:00,2017,6,26,26,Monday,2,June
6/27/2017 0:00,2017,6,26,27,Tuesday,2,June
6/28/2017 0:00,2017,6,26,28,Wednesday,2,June
6/29/2017 0:00,2017,6,26,29,Thursday,2,June
6/30/2017 0:00,2017,6,26,30,Friday,2,June
7/1/2017 0:00,2017,7,26,1,Saturday,3,July
7/2/2017 0:00,2017,7,27,2,Sunday,3,July
7/3/2017 0:00,2017,7,27,3,Monday,3,July
7/4/2017 0:00,2017,7,27,4,Tuesday,3,July
7/5/2017 0:00,2017,7,27,5,Wednesday,3,July
7/6/2017 0:00,2017,7,27,6,Thursday,3,July
7/7/2017 0:00,2017,7,27,7,Friday,3,July
7/8/2017 0:00,2017,7,27,8,Saturday,3,July
7/9/2017 0:00,2017,7,28,9,Sunday,3,July
7/10/2017 0:00,2017,7,28,10,Monday,3,July
7/11/2017 0:00,2017,7,28,11,Tuesday,3,July
7/12/2017 0:00,2017,7,28,12,Wednesday,3,July
7/13/2017 0:00,2017,7,28,13,Thursday,3,July
7/14/2017 0:00,2017,7,28,14,Friday,3,July
7/15/2017 0:00,2017,7,28,15,Saturday,3,July
7/16/2017 0:00,2017,7,29,16,Sunday,3,July
7/17/2017 0:00,2017,7,29,17,Monday,3,July
7/18/2017 0:00,2017,7,29,18,Tuesday,3,July
7/19/2017 0:00,2017,7,29,19,Wednesday,3,July
7/20/2017 0:00,2017,7,29,20,Thursday,3,July
7/21/2017 0:00,2017,7,29,21,Friday,3,July
7/22/2017 0:00,2017,7,29,22,Saturday,3,July
7/23/2017 0:00,2017,7,30,23,Sunday,3,July
7/24/2017 0:00,2017,7,30,24,Monday,3,July
7/25/2017 0:00,2017,7,30,25,Tuesday,3,July
7/26/2017 0:00,2017,7,30,26,Wednesday,3,July
7/27/2017 0:00,2017,7,30,27,Thursday,3,July
7/28/2017 0:00,2017,7,30,28,Friday,3,July
7/29/2017 0:00,2017,7,30,29,Saturday,3,July
7/30/2017 0:00,2017,7,31,30,Sunday,3,July
7/31/2017 0:00,2017,7,31,31,Monday,3,July
8/1/2017 0:00,2017,8,31,1,Tuesday,3,August
8/2/2017 0:00,2017,8,31,2,Wednesday,3,August
8/3/2017 0:00,2017,8,31,3,Thursday,3,August
8/4/2017 0:00,2017,8,31,4,Friday,3,August
8/5/2017 0:00,2017,8,31,5,Saturday,3,August
8/6/2017 0:00,2017,8,32,6,Sunday,3,August
8/7/2017 0:00,2017,8,32,7,Monday,3,August
8/8/2017 0:00,2017,8,32,8,Tuesday,3,August
8/9/2017 0:00,2017,8,32,9,Wednesday,3,August
8/10/2017 0:00,2017,8,32,10,Thursday,3,August
8/11/2017 0:00,2017,8,32,11,Friday,3,August
8/12/2017 0:00,2017,8,32,12,Saturday,3,August
8/13/2017 0:00,2017,8,33,13,Sunday,3,August
8/14/2017 0:00,2017,8,33,14,Monday,3,August
8/15/2017 0:00,2017,8,33,15,Tuesday,3,August
8/16/2017 0:00,2017,8,33,16,Wednesday,3,August
8/17/2017 0:00,2017,8,33,17,Thursday,3,August
8/18/2017 0:00,2017,8,33,18,Friday,3,August
8/19/2017 0:00,2017,8,33,19,Saturday,3,August
8/20/2017 0:00,2017,8,34,20,Sunday,3,August
8/21/2017 0:00,2017,8,34,21,Monday,3,August
8/22/2017 0:00,2017,8,34,22,Tuesday,3,August
8/23/2017 0:00,2017,8,34,23,Wednesday,3,August
8/24/2017 0:00,2017,8,34,24,Thursday,3,August
8/25/2017 0:00,2017,8,34,25,Friday,3,August
8/26/2017 0:00,2017,8,34,26,Saturday,3,August
8/27/2017 0:00,2017,8,35,27,Sunday,3,August
8/28/2017 0:00,2017,8,35,28,Monday,3,August
8/29/2017 0:00,2017,8,35,29,Tuesday,3,August
8/30/2017 0:00,2017,8,35,30,Wednesday,3,August
8/31/2017 0:00,2017,8,35,31,Thursday,3,August
9/1/2017 0:00,2017,9,35,1,Friday,3,September
9/2/2017 0:00,2017,9,35,2,Saturday,3,September
9/3/2017 0:00,2017,9,36,3,Sunday,3,September
9/4/2017 0:00,2017,9,36,4,Monday,3,September
9/5/2017 0:00,2017,9,36,5,Tuesday,3,September
9/6/2017 0:00,2017,9,36,6,Wednesday,3,September
9/7/2017 0:00,2017,9,36,7,Thursday,3,September
9/8/2017 0:00,2017,9,36,8,Friday,3,September
9/9/2017 0:00,2017,9,36,9,Saturday,3,September
9/10/2017 0:00,2017,9,37,10,Sunday,3,September
9/11/2017 0:00,2017,9,37,11,Monday,3,September
9/12/2017 0:00,2017,9,37,12,Tuesday,3,September
9/13/2017 0:00,2017,9,37,13,Wednesday,3,September
9/14/2017 0:00,2017,9,37,14,Thursday,3,September
9/15/2017 0:00,2017,9,37,15,Friday,3,September
9/16/2017 0:00,2017,9,37,16,Saturday,3,September
9/17/2017 0:00,2017,9,38,17,Sunday,3,September
9/18/2017 0:00,2017,9,38,18,Monday,3,September
9/19/2017 0:00,2017,9,38,19,Tuesday,3,September
9/20/2017 0:00,2017,9,38,20,Wednesday,3,September
9/21/2017 0:00,2017,9,38,21,Thursday,3,September
9/22/2017 0:00,2017,9,38,22,Friday,3,September
9/23/2017 0:00,2017,9,38,23,Saturday,3,September
9/24/2017 0:00,2017,9,39,24,Sunday,3,September
9/25/2017 0:00,2017,9,39,25,Monday,3,September
9/26/2017 0:00,2017,9,39,26,Tuesday,3,September
9/27/2017 0:00,2017,9,39,27,Wednesday,3,September
9/28/2017 0:00,2017,9,39,28,Thursday,3,September
9/29/2017 0:00,2017,9,39,29,Friday,3,September
9/30/2017 0:00,2017,9,39,30,Saturday,3,September
4/1/2018 0:00,2018,4,14,1,Sunday,2,April
4/2/2018 0:00,2018,4,14,2,Monday,2,April
4/3/2018 0:00,2018,4,14,3,Tuesday,2,April
4/4/2018 0:00,2018,4,14,4,Wednesday,2,April
4/5/2018 0:00,2018,4,14,5,Thursday,2,April
4/6/2018 0:00,2018,4,14,6,Friday,2,April
4/7/2018 0:00,2018,4,14,7,Saturday,2,April
4/8/2018 0:00,2018,4,15,8,Sunday,2,April
4/9/2018 0:00,2018,4,15,9,Monday,2,April
4/10/2018 0:00,2018,4,15,10,Tuesday,2,April
4/11/2018 0:00,2018,4,15,11,Wednesday,2,April
4/12/2018 0:00,2018,4,15,12,Thursday,2,April
4/13/2018 0:00,2018,4,15,13,Friday,2,April
4/14/2018 0:00,2018,4,15,14,Saturday,2,April
4/15/2018 0:00,2018,4,16,15,Sunday,2,April
4/16/2018 0:00,2018,4,16,16,Monday,2,April
4/17/2018 0:00,2018,4,16,17,Tuesday,2,April
4/18/2018 0:00,2018,4,16,18,Wednesday,2,April
4/19/2018 0:00,2018,4,16,19,Thursday,2,April
4/20/2018 0:00,2018,4,16,20,Friday,2,April
4/21/2018 0:00,2018,4,16,21,Saturday,2,April
4/22/2018 0:00,2018,4,17,22,Sunday,2,April
4/23/2018 0:00,2018,4,17,23,Monday,2,April
4/24/2018 0:00,2018,4,17,24,Tuesday,2,April
4/25/2018 0:00,2018,4,17,25,Wednesday,2,April
4/26/2018 0:00,2018,4,17,26,Thursday,2,April
4/27/2018 0:00,2018,4,17,27,Friday,2,April
4/28/2018 0:00,2018,4,17,28,Saturday,2,April
4/29/2018 0:00,2018,4,18,29,Sunday,2,April
4/30/2018 0:00,2018,4,18,30,Monday,2,April
5/1/2018 0:00,2018,5,18,1,Tuesday,2,May
5/2/2018 0:00,2018,5,18,2,Wednesday,2,May
5/3/2018 0:00,2018,5,18,3,Thursday,2,May
5/4/2018 0:00,2018,5,18,4,Friday,2,May
5/5/2018 0:00,2018,5,18,5,Saturday,2,May
5/6/2018 0:00,2018,5,19,6,Sunday,2,May
5/7/2018 0:00,2018,5,19,7,Monday,2,May
5/8/2018 0:00,2018,5,19,8,Tuesday,2,May
5/9/2018 0:00,2018,5,19,9,Wednesday,2,May
5/10/2018 0:00,2018,5,19,10,Thursday,2,May
5/11/2018 0:00,2018,5,19,11,Friday,2,May
5/12/2018 0:00,2018,5,19,12,Saturday,2,May
5/13/2018 0:00,2018,5,20,13,Sunday,2,May
5/14/2018 0:00,2018,5,20,14,Monday,2,May
5/15/2018 0:00,2018,5,20,15,Tuesday,2,May
5/16/2018 0:00,2018,5,20,16,Wednesday,2,May
5/17/2018 0:00,2018,5,20,17,Thursday,2,May
5/18/2018 0:00,2018,5,20,18,Friday,2,May
5/19/2018 0:00,2018,5,20,19,Saturday,2,May
5/20/2018 0:00,2018,5,21,20,Sunday,2,May
5/21/2018 0:00,2018,5,21,21,Monday,2,May
5/22/2018 0:00,2018,5,21,22,Tuesday,2,May
5/23/2018 0:00,2018,5,21,23,Wednesday,2,May
5/24/2018 0:00,2018,5,21,24,Thursday,2,May
5/25/2018 0:00,2018,5,21,25,Friday,2,May
5/26/2018 0:00,2018,5,21,26,Saturday,2,May
5/27/2018 0:00,2018,5,22,27,Sunday,2,May
5/28/2018 0:00,2018,5,22,28,Monday,2,May
5/29/2018 0:00,2018,5,22,29,Tuesday,2,May
5/30/2018 0:00,2018,5,22,30,Wednesday,2,May
5/31/2018 0:00,2018,5,22,31,Thursday,2,May
6/1/2018 0:00,2018,6,22,1,Friday,2,June
6/2/2018 0:00,2018,6,22,2,Saturday,2,June
6/3/2018 0:00,2018,6,23,3,Sunday,2,June
6/4/2018 0:00,2018,6,23,4,Monday,2,June
6/5/2018 0:00,2018,6,23,5,Tuesday,2,June
6/6/2018 0:00,2018,6,23,6,Wednesday,2,June
6/7/2018 0:00,2018,6,23,7,Thursday,2,June
6/8/2018 0:00,2018,6,23,8,Friday,2,June
6/9/2018 0:00,2018,6,23,9,Saturday,2,June
6/10/2018 0:00,2018,6,24,10,Sunday,2,June
6/11/2018 0:00,2018,6,24,11,Monday,2,June
6/12/2018 0:00,2018,6,24,12,Tuesday,2,June
6/13/2018 0:00,2018,6,24,13,Wednesday,2,June
6/14/2018 0:00,2018,6,24,14,Thursday,2,June
6/15/2018 0:00,2018,6,24,15,Friday,2,June
6/16/2018 0:00,2018,6,24,16,Saturday,2,June
6/17/2018 0:00,2018,6,25,17,Sunday,2,June
6/18/2018 0:00,2018,6,25,18,Monday,2,June
6/19/2018 0:00,2018,6,25,19,Tuesday,2,June
6/20/2018 0:00,2018,6,25,20,Wednesday,2,June
6/21/2018 0:00,2018,6,25,21,Thursday,2,June
6/22/2018 0:00,2018,6,25,22,Friday,2,June
6/23/2018 0:00,2018,6,25,23,Saturday,2,June
6/24/2018 0:00,2018,6,26,24,Sunday,2,June
6/25/2018 0:00,2018,6,26,25,Monday,2,June
6/26/2018 0:00,2018,6,26,26,Tuesday,2,June
6/27/2018 0:00,2018,6,26,27,Wednesday,2,June
6/28/2018 0:00,2018,6,26,28,Thursday,2,June
6/29/2018 0:00,2018,6,26,29,Friday,2,June
6/30/2018 0:00,2018,6,26,30,Saturday,2,June
1/1/2018 0:00,2018,1,1,1,Monday,1,January
1/2/2018 0:00,2018,1,1,2,Tuesday,1,January
1/3/2018 0:00,2018,1,1,3,Wednesday,1,January
1/4/2018 0:00,2018,1,1,4,Thursday,1,January
1/5/2018 0:00,2018,1,1,5,Friday,1,January
1/6/2018 0:00,2018,1,1,6,Saturday,1,January
1/7/2018 0:00,2018,1,2,7,Sunday,1,January
1/8/2018 0:00,2018,1,2,8,Monday,1,January
1/9/2018 0:00,2018,1,2,9,Tuesday,1,January
1/10/2018 0:00,2018,1,2,10,Wednesday,1,January
1/11/2018 0:00,2018,1,2,11,Thursday,1,January
1/12/2018 0:00,2018,1,2,12,Friday,1,January
1/13/2018 0:00,2018,1,2,13,Saturday,1,January
1/14/2018 0:00,2018,1,3,14,Sunday,1,January
1/15/2018 0:00,2018,1,3,15,Monday,1,January
1/16/2018 0:00,2018,1,3,16,Tuesday,1,January
1/17/2018 0:00,2018,1,3,17,Wednesday,1,January
1/18/2018 0:00,2018,1,3,18,Thursday,1,January
1/19/2018 0:00,2018,1,3,19,Friday,1,January
1/20/2018 0:00,2018,1,3,20,Saturday,1,January
1/21/2018 0:00,2018,1,4,21,Sunday,1,January
1/22/2018 0:00,2018,1,4,22,Monday,1,January
1/23/2018 0:00,2018,1,4,23,Tuesday,1,January
1/24/2018 0:00,2018,1,4,24,Wednesday,1,January
1/25/2018 0:00,2018,1,4,25,Thursday,1,January
1/26/2018 0:00,2018,1,4,26,Friday,1,January
1/27/2018 0:00,2018,1,4,27,Saturday,1,January
1/28/2018 0:00,2018,1,5,28,Sunday,1,January
1/29/2018 0:00,2018,1,5,29,Monday,1,January
1/30/2018 0:00,2018,1,5,30,Tuesday,1,January
1/31/2018 0:00,2018,1,5,31,Wednesday,1,January
2/1/2018 0:00,2018,2,5,1,Thursday,1,February
2/2/2018 0:00,2018,2,5,2,Friday,1,February
2/3/2018 0:00,2018,2,5,3,Saturday,1,February
2/4/2018 0:00,2018,2,6,4,Sunday,1,February
2/5/2018 0:00,2018,2,6,5,Monday,1,February
2/6/2018 0:00,2018,2,6,6,Tuesday,1,February
2/7/2018 0:00,2018,2,6,7,Wednesday,1,February
2/8/2018 0:00,2018,2,6,8,Thursday,1,February
2/9/2018 0:00,2018,2,6,9,Friday,1,February
2/10/2018 0:00,2018,2,6,10,Saturday,1,February
2/11/2018 0:00,2018,2,7,11,Sunday,1,February
2/12/2018 0:00,2018,2,7,12,Monday,1,February
2/13/2018 0:00,2018,2,7,13,Tuesday,1,February
2/14/2018 0:00,2018,2,7,14,Wednesday,1,February
2/15/2018 0:00,2018,2,7,15,Thursday,1,February
2/16/2018 0:00,2018,2,7,16,Friday,1,February
2/17/2018 0:00,2018,2,7,17,Saturday,1,February
2/18/2018 0:00,2018,2,8,18,Sunday,1,February
2/19/2018 0:00,2018,2,8,19,Monday,1,February
2/20/2018 0:00,2018,2,8,20,Tuesday,1,February
2/21/2018 0:00,2018,2,8,21,Wednesday,1,February
2/22/2018 0:00,2018,2,8,22,Thursday,1,February
2/23/2018 0:00,2018,2,8,23,Friday,1,February
2/24/2018 0:00,2018,2,8,24,Saturday,1,February
2/25/2018 0:00,2018,2,9,25,Sunday,1,February
2/26/2018 0:00,2018,2,9,26,Monday,1,February
2/27/2018 0:00,2018,2,9,27,Tuesday,1,February
2/28/2018 0:00,2018,2,9,28,Wednesday,1,February
3/1/2018 0:00,2018,3,9,1,Thursday,1,March
3/2/2018 0:00,2018,3,9,2,Friday,1,March
3/3/2018 0:00,2018,3,9,3,Saturday,1,March
3/4/2018 0:00,2018,3,10,4,Sunday,1,March
3/5/2018 0:00,2018,3,10,5,Monday,1,March
3/6/2018 0:00,2018,3,10,6,Tuesday,1,March
3/7/2018 0:00,2018,3,10,7,Wednesday,1,March
3/8/2018 0:00,2018,3,10,8,Thursday,1,March
3/9/2018 0:00,2018,3,10,9,Friday,1,March
3/10/2018 0:00,2018,3,10,10,Saturday,1,March
3/11/2018 0:00,2018,3,11,11,Sunday,1,March
3/12/2018 0:00,2018,3,11,12,Monday,1,March
3/13/2018 0:00,2018,3,11,13,Tuesday,1,March
3/14/2018 0:00,2018,3,11,14,Wednesday,1,March
3/15/2018 0:00,2018,3,11,15,Thursday,1,March
3/16/2018 0:00,2018,3,11,16,Friday,1,March
3/17/2018 0:00,2018,3,11,17,Saturday,1,March
3/18/2018 0:00,2018,3,12,18,Sunday,1,March
3/19/2018 0:00,2018,3,12,19,Monday,1,March
3/20/2018 0:00,2018,3,12,20,Tuesday,1,March
3/21/2018 0:00,2018,3,12,21,Wednesday,1,March
3/22/2018 0:00,2018,3,12,22,Thursday,1,March
3/23/2018 0:00,2018,3,12,23,Friday,1,March
3/24/2018 0:00,2018,3,12,24,Saturday,1,March
3/25/2018 0:00,2018,3,13,25,Sunday,1,March
3/26/2018 0:00,2018,3,13,26,Monday,1,March
3/27/2018 0:00,2018,3,13,27,Tuesday,1,March
3/28/2018 0:00,2018,3,13,28,Wednesday,1,March
3/29/2018 0:00,2018,3,13,29,Thursday,1,March
3/30/2018 0:00,2018,3,13,30,Friday,1,March
3/31/2018 0:00,2018,3,13,31,Saturday,1,March
7/1/2018 0:00,2018,7,27,1,Sunday,3,July
7/2/2018 0:00,2018,7,27,2,Monday,3,July
7/3/2018 0:00,2018,7,27,3,Tuesday,3,July
7/4/2018 0:00,2018,7,27,4,Wednesday,3,July
7/5/2018 0:00,2018,7,27,5,Thursday,3,July
7/6/2018 0:00,2018,7,27,6,Friday,3,July
7/7/2018 0:00,2018,7,27,7,Saturday,3,July
7/8/2018 0:00,2018,7,28,8,Sunday,3,July
7/9/2018 0:00,2018,7,28,9,Monday,3,July
7/10/2018 0:00,2018,7,28,10,Tuesday,3,July
7/11/2018 0:00,2018,7,28,11,Wednesday,3,July
7/12/2018 0:00,2018,7,28,12,Thursday,3,July
7/13/2018 0:00,2018,7,28,13,Friday,3,July
7/14/2018 0:00,2018,7,28,14,Saturday,3,July
7/15/2018 0:00,2018,7,29,15,Sunday,3,July
7/16/2018 0:00,2018,7,29,16,Monday,3,July
7/17/2018 0:00,2018,7,29,17,Tuesday,3,July
7/18/2018 0:00,2018,7,29,18,Wednesday,3,July
7/19/2018 0:00,2018,7,29,19,Thursday,3,July
7/20/2018 0:00,2018,7,29,20,Friday,3,July
7/21/2018 0:00,2018,7,29,21,Saturday,3,July
7/22/2018 0:00,2018,7,30,22,Sunday,3,July
7/23/2018 0:00,2018,7,30,23,Monday,3,July
7/24/2018 0:00,2018,7,30,24,Tuesday,3,July
7/25/2018 0:00,2018,7,30,25,Wednesday,3,July
7/26/2018 0:00,2018,7,30,26,Thursday,3,July
7/27/2018 0:00,2018,7,30,27,Friday,3,July
7/28/2018 0:00,2018,7,30,28,Saturday,3,July
7/29/2018 0:00,2018,7,31,29,Sunday,3,July
7/30/2018 0:00,2018,7,31,30,Monday,3,July
